cake_design_id,theme_id,event_types,style_name,shape,suggested_tiers,frosting_or_covering,palette_hex,design_elements,topper_guidance,finish,serving_range,price_tier,allergen_notes,structural_notes,ar_asset_key
rustic-boho-cake-01,rustic-boho,wedding;engagement;birthday;bridal-shower;baby-shower,Semi-naked pampas cake,round,1-3,semi-naked buttercream,#F3E7D3;#C9A27E;#9C6B4F;#6F7A55;#FFF8EE,semi-naked buttercream;food-safe dried-look sugar grasses;wood-look topper,"Use a food-safe acrylic, cardstock, chocolate, or fondant topper sized to the top tier.",smooth or lightly textured buttercream,12-80,standard-to-premium,Final allergen and dietary suitability must be confirmed by the bakery; visual design does not prove ingredient safety.,Use internal cake boards and dowels for stacked tiers; bakery must approve topper and decoration weights.,cake/rustic-boho/design-01
rustic-boho-cake-02,rustic-boho,wedding;engagement;birthday;bridal-shower;baby-shower,Terracotta arch cake,arch,1-2,matte buttercream,#F3E7D3;#C9A27E;#9C6B4F;#6F7A55;#FFF8EE,matte buttercream;terracotta and cream blocks;minimal gold leaf,"Use a food-safe acrylic, cardstock, chocolate, or fondant topper sized to the top tier.",smooth or lightly textured buttercream,12-50,premium,Final allergen and dietary suitability must be confirmed by the bakery; visual design does not prove ingredient safety.,Use internal cake boards and dowels for stacked tiers; bakery must approve topper and decoration weights.,cake/rustic-boho/design-02
rustic-boho-cake-03,rustic-boho,wedding;engagement;birthday;bridal-shower;baby-shower,Pressed-flower boho cake,round,1-3,ivory buttercream,#F3E7D3;#C9A27E;#9C6B4F;#6F7A55;#FFF8EE,ivory buttercream;edible pressed flowers;twine-look fondant band,"Use a food-safe acrylic, cardstock, chocolate, or fondant topper sized to the top tier.",smooth fondant,20-100,premium,Final allergen and dietary suitability must be confirmed by the bakery; visual design does not prove ingredient safety.,Use internal cake boards and dowels for stacked tiers; bakery must approve topper and decoration weights.,cake/rustic-boho/design-03
modern-minimalist-cake-01,modern-minimalist,wedding;birthday;corporate;engagement;anniversary,Monochrome line cake,round,1-3,white matte buttercream,#FFFFFF;#E7E7E7;#B8B8B8;#1F1F1F;#C8B28A,white matte buttercream;thin black linework;acrylic topper,"Use a food-safe acrylic, cardstock, chocolate, or fondant topper sized to the top tier.",smooth or lightly textured buttercream,12-80,standard-to-premium,Final allergen and dietary suitability must be confirmed by the bakery; visual design does not prove ingredient safety.,Use internal cake boards and dowels for stacked tiers; bakery must approve topper and decoration weights.,cake/modern-minimalist/design-01
modern-minimalist-cake-02,modern-minimalist,wedding;birthday;corporate;engagement;anniversary,Geometric block cake,square,1-2,sharp fondant edges,#FFFFFF;#E7E7E7;#B8B8B8;#1F1F1F;#C8B28A,sharp fondant edges;neutral color blocks;minimal sugar spheres,"Use a food-safe acrylic, cardstock, chocolate, or fondant topper sized to the top tier.",smooth fondant,12-50,premium,Final allergen and dietary suitability must be confirmed by the bakery; visual design does not prove ingredient safety.,Use internal cake boards and dowels for stacked tiers; bakery must approve topper and decoration weights.,cake/modern-minimalist/design-02
modern-minimalist-cake-03,modern-minimalist,wedding;birthday;corporate;engagement;anniversary,Minimal stone-texture cake,round,1-3,soft grey buttercream,#FFFFFF;#E7E7E7;#B8B8B8;#1F1F1F;#C8B28A,soft grey buttercream;subtle stone texture;single sugar orchid,"Use a food-safe acrylic, cardstock, chocolate, or fondant topper sized to the top tier.",smooth or lightly textured buttercream,20-100,premium,Final allergen and dietary suitability must be confirmed by the bakery; visual design does not prove ingredient safety.,Use internal cake boards and dowels for stacked tiers; bakery must approve topper and decoration weights.,cake/modern-minimalist/design-03
classic-elegant-cake-01,classic-elegant,wedding;engagement;anniversary;corporate;formal-dinner,Ivory pearl wedding cake,round,1-3,smooth ivory fondant,#FFFDF7;#E7D8BF;#B59B6A;#7B2331;#3F4C3A,smooth ivory fondant;edible pearls;piped borders,"Use a food-safe acrylic, cardstock, chocolate, or fondant topper sized to the top tier.",smooth fondant,12-80,standard-to-premium,Final allergen and dietary suitability must be confirmed by the bakery; visual design does not prove ingredient safety.,Use internal cake boards and dowels for stacked tiers; bakery must approve topper and decoration weights.,cake/classic-elegant/design-01
classic-elegant-cake-02,classic-elegant,wedding;engagement;anniversary;corporate;formal-dinner,Burgundy rose tier cake,round,1-2,ivory buttercream,#FFFDF7;#E7D8BF;#B59B6A;#7B2331;#3F4C3A,ivory buttercream;deep red sugar roses;gold separator,"Use a food-safe acrylic, cardstock, chocolate, or fondant topper sized to the top tier.",smooth or lightly textured buttercream,12-50,premium,Final allergen and dietary suitability must be confirmed by the bakery; visual design does not prove ingredient safety.,Use internal cake boards and dowels for stacked tiers; bakery must approve topper and decoration weights.,cake/classic-elegant/design-02
classic-elegant-cake-03,classic-elegant,wedding;engagement;anniversary;corporate;formal-dinner,Classic lace cake,round,1-3,white fondant,#FFFDF7;#E7D8BF;#B59B6A;#7B2331;#3F4C3A,white fondant;royal-icing lace;monogram topper,"Use a food-safe acrylic, cardstock, chocolate, or fondant topper sized to the top tier.",smooth fondant,20-100,premium,Final allergen and dietary suitability must be confirmed by the bakery; visual design does not prove ingredient safety.,Use internal cake boards and dowels for stacked tiers; bakery must approve topper and decoration weights.,cake/classic-elegant/design-03
tropical-cake-01,tropical,birthday;wedding;bridal-shower;corporate;summer-party,Palm-leaf painted cake,round,1-3,white buttercream,#0F6B4F;#58A65C;#FF8A47;#F7C948;#F7F2E8,white buttercream;painted green leaves;orange accents,"Use a food-safe acrylic, cardstock, chocolate, or fondant topper sized to the top tier.",smooth or lightly textured buttercream,12-80,standard-to-premium,Final allergen and dietary suitability must be confirmed by the bakery; visual design does not prove ingredient safety.,Use internal cake boards and dowels for stacked tiers; bakery must approve topper and decoration weights.,cake/tropical/design-01
tropical-cake-02,tropical,birthday;wedding;bridal-shower;corporate;summer-party,Tropical fruit cake,round,1-2,lime buttercream,#0F6B4F;#58A65C;#FF8A47;#F7C948;#F7F2E8,lime buttercream;edible pineapple and citrus decorations,"Use a food-safe acrylic, cardstock, chocolate, or fondant topper sized to the top tier.",smooth or lightly textured buttercream,12-50,premium,Final allergen and dietary suitability must be confirmed by the bakery; visual design does not prove ingredient safety.,Use internal cake boards and dowels for stacked tiers; bakery must approve topper and decoration weights.,cake/tropical/design-02
tropical-cake-03,tropical,birthday;wedding;bridal-shower;corporate;summer-party,Coral hibiscus cake,round,1-3,coral ombre buttercream,#0F6B4F;#58A65C;#FF8A47;#F7C948;#F7F2E8,coral ombre buttercream;sugar hibiscus;gold leaf specks,"Use a food-safe acrylic, cardstock, chocolate, or fondant topper sized to the top tier.",smooth or lightly textured buttercream,20-100,premium,Final allergen and dietary suitability must be confirmed by the bakery; visual design does not prove ingredient safety.,Use internal cake boards and dowels for stacked tiers; bakery must approve topper and decoration weights.,cake/tropical/design-03
vintage-garden-cake-01,vintage-garden,wedding;bridal-shower;baby-shower;birthday;tea-party,Vintage piped rose cake,round,1-3,pastel pink buttercream,#F6E4E8;#D8C8A8;#A9B99A;#7C8A6A;#FFF9F0,pastel pink buttercream;Lambeth piping;sugar roses,"Use a food-safe acrylic, cardstock, chocolate, or fondant topper sized to the top tier.",smooth or lightly textured buttercream,12-80,standard-to-premium,Final allergen and dietary suitability must be confirmed by the bakery; visual design does not prove ingredient safety.,Use internal cake boards and dowels for stacked tiers; bakery must approve topper and decoration weights.,cake/vintage-garden/design-01
vintage-garden-cake-02,vintage-garden,wedding;bridal-shower;baby-shower;birthday;tea-party,Tea-party floral cake,round,1-2,ivory buttercream,#F6E4E8;#D8C8A8;#A9B99A;#7C8A6A;#FFF9F0,ivory buttercream;painted meadow flowers;porcelain-look topper,"Use a food-safe acrylic, cardstock, chocolate, or fondant topper sized to the top tier.",smooth or lightly textured buttercream,12-50,premium,Final allergen and dietary suitability must be confirmed by the bakery; visual design does not prove ingredient safety.,Use internal cake boards and dowels for stacked tiers; bakery must approve topper and decoration weights.,cake/vintage-garden/design-02
vintage-garden-cake-03,vintage-garden,wedding;bridal-shower;baby-shower;birthday;tea-party,Lace cameo cake,oval,1-3,pale sage fondant,#F6E4E8;#D8C8A8;#A9B99A;#7C8A6A;#FFF9F0,pale sage fondant;edible lace;small cameo plaque,"Use a food-safe acrylic, cardstock, chocolate, or fondant topper sized to the top tier.",smooth fondant,20-100,premium,Final allergen and dietary suitability must be confirmed by the bakery; visual design does not prove ingredient safety.,Use internal cake boards and dowels for stacked tiers; bakery must approve topper and decoration weights.,cake/vintage-garden/design-03
glam-gold-cake-01,glam-gold,birthday;engagement;wedding;anniversary;corporate-gala,Black and gold fault-line cake,round,1-3,black buttercream,#D4AF37;#F8F1E1;#111111;#7D1F3A;#FFFFFF,black buttercream;gold fault line;gold acrylic topper,"Use a food-safe acrylic, cardstock, chocolate, or fondant topper sized to the top tier.",smooth or lightly textured buttercream,12-80,standard-to-premium,Final allergen and dietary suitability must be confirmed by the bakery; visual design does not prove ingredient safety.,Use internal cake boards and dowels for stacked tiers; bakery must approve topper and decoration weights.,cake/glam-gold/design-01
glam-gold-cake-02,glam-gold,birthday;engagement;wedding;anniversary;corporate-gala,Ivory gold-drip cake,round,1-2,ivory buttercream,#D4AF37;#F8F1E1;#111111;#7D1F3A;#FFFFFF,ivory buttercream;metallic gold drip;sugar spheres,"Use a food-safe acrylic, cardstock, chocolate, or fondant topper sized to the top tier.",smooth or lightly textured buttercream,12-50,premium,Final allergen and dietary suitability must be confirmed by the bakery; visual design does not prove ingredient safety.,Use internal cake boards and dowels for stacked tiers; bakery must approve topper and decoration weights.,cake/glam-gold/design-02
glam-gold-cake-03,glam-gold,birthday;engagement;wedding;anniversary;corporate-gala,Burgundy glam tier cake,round,1-3,burgundy fondant,#D4AF37;#F8F1E1;#111111;#7D1F3A;#FFFFFF,burgundy fondant;gold separators;edible gold leaf,"Use a food-safe acrylic, cardstock, chocolate, or fondant topper sized to the top tier.",smooth fondant,20-100,premium,Final allergen and dietary suitability must be confirmed by the bakery; visual design does not prove ingredient safety.,Use internal cake boards and dowels for stacked tiers; bakery must approve topper and decoration weights.,cake/glam-gold/design-03
pastel-dreamy-cake-01,pastel-dreamy,birthday;baby-shower;bridal-shower;engagement;graduation,Pastel cloud cake,round,1-3,sky-blue buttercream,#F8C8DC;#CDB4F6;#BDE7F2;#FFF0B8;#FFFFFF,sky-blue buttercream;white piped clouds;pastel stars,"Use a food-safe acrylic, cardstock, chocolate, or fondant topper sized to the top tier.",smooth or lightly textured buttercream,12-80,standard-to-premium,Final allergen and dietary suitability must be confirmed by the bakery; visual design does not prove ingredient safety.,Use internal cake boards and dowels for stacked tiers; bakery must approve topper and decoration weights.,cake/pastel-dreamy/design-01
pastel-dreamy-cake-02,pastel-dreamy,birthday;baby-shower;bridal-shower;engagement;graduation,Lavender bow cake,heart,1-2,lavender buttercream,#F8C8DC;#CDB4F6;#BDE7F2;#FFF0B8;#FFFFFF,lavender buttercream;cream piping;edible bow,"Use a food-safe acrylic, cardstock, chocolate, or fondant topper sized to the top tier.",smooth or lightly textured buttercream,12-50,premium,Final allergen and dietary suitability must be confirmed by the bakery; visual design does not prove ingredient safety.,Use internal cake boards and dowels for stacked tiers; bakery must approve topper and decoration weights.,cake/pastel-dreamy/design-02
pastel-dreamy-cake-03,pastel-dreamy,birthday;baby-shower;bridal-shower;engagement;graduation,Peach ombre sphere cake,round,1-3,peach-to-pink ombre,#F8C8DC;#CDB4F6;#BDE7F2;#FFF0B8;#FFFFFF,peach-to-pink ombre;sugar spheres;white topper,"Use a food-safe acrylic, cardstock, chocolate, or fondant topper sized to the top tier.",smooth or lightly textured buttercream,20-100,premium,Final allergen and dietary suitability must be confirmed by the bakery; visual design does not prove ingredient safety.,Use internal cake boards and dowels for stacked tiers; bakery must approve topper and decoration weights.,cake/pastel-dreamy/design-03
dark-moody-cake-01,dark-moody,birthday;wedding;anniversary;corporate;dinner-party,Charcoal texture cake,round,1-3,charcoal buttercream,#121212;#3C1F2B;#5E4634;#7A6A58;#D0B58D,charcoal buttercream;palette-knife texture;brass-tone leaf,"Use a food-safe acrylic, cardstock, chocolate, or fondant topper sized to the top tier.",smooth or lightly textured buttercream,12-80,standard-to-premium,Final allergen and dietary suitability must be confirmed by the bakery; visual design does not prove ingredient safety.,Use internal cake boards and dowels for stacked tiers; bakery must approve topper and decoration weights.,cake/dark-moody/design-01
dark-moody-cake-02,dark-moody,birthday;wedding;anniversary;corporate;dinner-party,Plum floral cake,round,1-2,deep plum buttercream,#121212;#3C1F2B;#5E4634;#7A6A58;#D0B58D,deep plum buttercream;dark sugar flowers;gold edge,"Use a food-safe acrylic, cardstock, chocolate, or fondant topper sized to the top tier.",smooth or lightly textured buttercream,12-50,premium,Final allergen and dietary suitability must be confirmed by the bakery; visual design does not prove ingredient safety.,Use internal cake boards and dowels for stacked tiers; bakery must approve topper and decoration weights.,cake/dark-moody/design-02
dark-moody-cake-03,dark-moody,birthday;wedding;anniversary;corporate;dinner-party,Cocoa stone cake,square,1-3,dark cocoa ganache,#121212;#3C1F2B;#5E4634;#7A6A58;#D0B58D,dark cocoa ganache;stone texture;minimal topper,"Use a food-safe acrylic, cardstock, chocolate, or fondant topper sized to the top tier.",smooth or lightly textured buttercream,20-100,premium,Final allergen and dietary suitability must be confirmed by the bakery; visual design does not prove ingredient safety.,Use internal cake boards and dowels for stacked tiers; bakery must approve topper and decoration weights.,cake/dark-moody/design-03
whimsical-kids-cake-01,whimsical-kids,kids-birthday;school-event;family-party,Storybook rainbow cake,round,1-3,white buttercream,#FFB3C6;#9AD0F5;#FFE08A;#A7E3A1;#FFFFFF,white buttercream;soft rainbow arches;name plaque,"Use a food-safe acrylic, cardstock, chocolate, or fondant topper sized to the top tier.",smooth or lightly textured buttercream,12-80,standard-to-premium,Final allergen and dietary suitability must be confirmed by the bakery; visual design does not prove ingredient safety.,Use internal cake boards and dowels for stacked tiers; bakery must approve topper and decoration weights.,cake/whimsical-kids/design-01
whimsical-kids-cake-02,whimsical-kids,kids-birthday;school-event;family-party,Friendly animal cake,round,1-2,pastel buttercream,#FFB3C6;#9AD0F5;#FFE08A;#A7E3A1;#FFFFFF,pastel buttercream;simple fondant animal faces,"Use a food-safe acrylic, cardstock, chocolate, or fondant topper sized to the top tier.",smooth fondant,12-50,premium,Final allergen and dietary suitability must be confirmed by the bakery; visual design does not prove ingredient safety.,Use internal cake boards and dowels for stacked tiers; bakery must approve topper and decoration weights.,cake/whimsical-kids/design-02
whimsical-kids-cake-03,whimsical-kids,kids-birthday;school-event;family-party,Confetti star cake,round,1-3,yellow buttercream,#FFB3C6;#9AD0F5;#FFE08A;#A7E3A1;#FFFFFF,yellow buttercream;edible stars;number topper,"Use a food-safe acrylic, cardstock, chocolate, or fondant topper sized to the top tier.",smooth or lightly textured buttercream,20-100,premium,Final allergen and dietary suitability must be confirmed by the bakery; visual design does not prove ingredient safety.,Use internal cake boards and dowels for stacked tiers; bakery must approve topper and decoration weights.,cake/whimsical-kids/design-03
beach-coastal-cake-01,beach-coastal,wedding;birthday;engagement;bridal-shower;summer-party,Blue watercolor wave cake,round,1-3,white buttercream,#EAF6FA;#8EC5D6;#2F6F89;#E8D5B5;#FFFFFF,white buttercream;blue watercolor;wave texture,"Use a food-safe acrylic, cardstock, chocolate, or fondant topper sized to the top tier.",smooth or lightly textured buttercream,12-80,standard-to-premium,Final allergen and dietary suitability must be confirmed by the bakery; visual design does not prove ingredient safety.,Use internal cake boards and dowels for stacked tiers; bakery must approve topper and decoration weights.,cake/beach-coastal/design-01
beach-coastal-cake-02,beach-coastal,wedding;birthday;engagement;bridal-shower;summer-party,Sea-glass tier cake,round,1-2,pale aqua fondant,#EAF6FA;#8EC5D6;#2F6F89;#E8D5B5;#FFFFFF,pale aqua fondant;translucent sugar shards,"Use a food-safe acrylic, cardstock, chocolate, or fondant topper sized to the top tier.",smooth fondant,12-50,premium,Final allergen and dietary suitability must be confirmed by the bakery; visual design does not prove ingredient safety.,Use internal cake boards and dowels for stacked tiers; bakery must approve topper and decoration weights.,cake/beach-coastal/design-02
beach-coastal-cake-03,beach-coastal,wedding;birthday;engagement;bridal-shower;summer-party,Sand-and-shell cake,round,1-3,ivory buttercream,#EAF6FA;#8EC5D6;#2F6F89;#E8D5B5;#FFFFFF,ivory buttercream;biscuit-crumb sand;food-safe sugar shells,"Use a food-safe acrylic, cardstock, chocolate, or fondant topper sized to the top tier.",smooth or lightly textured buttercream,20-100,premium,Final allergen and dietary suitability must be confirmed by the bakery; visual design does not prove ingredient safety.,Use internal cake boards and dowels for stacked tiers; bakery must approve topper and decoration weights.,cake/beach-coastal/design-03
industrial-cake-01,industrial,corporate;birthday;wedding;product-launch;graduation,Concrete copper cake,round,1-3,grey buttercream,#353535;#77736E;#B65E3C;#D8C8B6;#F4F1EA,grey buttercream;concrete texture;copper leaf,"Use a food-safe acrylic, cardstock, chocolate, or fondant topper sized to the top tier.",smooth or lightly textured buttercream,12-80,standard-to-premium,Final allergen and dietary suitability must be confirmed by the bakery; visual design does not prove ingredient safety.,Use internal cake boards and dowels for stacked tiers; bakery must approve topper and decoration weights.,cake/industrial/design-01
industrial-cake-02,industrial,corporate;birthday;wedding;product-launch;graduation,Black grid cake,square,1-2,white fondant,#353535;#77736E;#B65E3C;#D8C8B6;#F4F1EA,white fondant;black grid lines;metal-look topper,"Use a food-safe acrylic, cardstock, chocolate, or fondant topper sized to the top tier.",smooth fondant,12-50,premium,Final allergen and dietary suitability must be confirmed by the bakery; visual design does not prove ingredient safety.,Use internal cake boards and dowels for stacked tiers; bakery must approve topper and decoration weights.,cake/industrial/design-02
industrial-cake-03,industrial,corporate;birthday;wedding;product-launch;graduation,Brick-tone abstract cake,round,1-3,rust and cream palette-knife buttercream,#353535;#77736E;#B65E3C;#D8C8B6;#F4F1EA,rust and cream palette-knife buttercream;dark chocolate sails,"Use a food-safe acrylic, cardstock, chocolate, or fondant topper sized to the top tier.",smooth or lightly textured buttercream,20-100,premium,Final allergen and dietary suitability must be confirmed by the bakery; visual design does not prove ingredient safety.,Use internal cake boards and dowels for stacked tiers; bakery must approve topper and decoration weights.,cake/industrial/design-03
floral-romantic-cake-01,floral-romantic,wedding;engagement;anniversary;bridal-shower;birthday,Cascading rose tier cake,round,1-3,ivory buttercream,#F3D7DE;#E8C7B4;#A8B99A;#6E8061;#FFFDF8,ivory buttercream;blush sugar roses;green leaves,"Use a food-safe acrylic, cardstock, chocolate, or fondant topper sized to the top tier.",smooth or lightly textured buttercream,12-80,standard-to-premium,Final allergen and dietary suitability must be confirmed by the bakery; visual design does not prove ingredient safety.,Use internal cake boards and dowels for stacked tiers; bakery must approve topper and decoration weights.,cake/floral-romantic/design-01
floral-romantic-cake-02,floral-romantic,wedding;engagement;anniversary;bridal-shower;birthday,Pressed meadow cake,round,1-2,white buttercream,#F3D7DE;#E8C7B4;#A8B99A;#6E8061;#FFFDF8,white buttercream;edible flower pattern,"Use a food-safe acrylic, cardstock, chocolate, or fondant topper sized to the top tier.",smooth or lightly textured buttercream,12-50,premium,Final allergen and dietary suitability must be confirmed by the bakery; visual design does not prove ingredient safety.,Use internal cake boards and dowels for stacked tiers; bakery must approve topper and decoration weights.,cake/floral-romantic/design-02
floral-romantic-cake-03,floral-romantic,wedding;engagement;anniversary;bridal-shower;birthday,Romantic ruffle cake,round,1-3,blush fondant ruffles,#F3D7DE;#E8C7B4;#A8B99A;#6E8061;#FFFDF8,blush fondant ruffles;single floral cluster,"Use a food-safe acrylic, cardstock, chocolate, or fondant topper sized to the top tier.",smooth fondant,20-100,premium,Final allergen and dietary suitability must be confirmed by the bakery; visual design does not prove ingredient safety.,Use internal cake boards and dowels for stacked tiers; bakery must approve topper and decoration weights.,cake/floral-romantic/design-03
retro-70s-cake-01,retro-70s,birthday;corporate;graduation;anniversary;themed-party,Groovy wave cake,round,1-3,orange and cream buttercream waves,#F28C28;#D94F30;#E8C547;#6B7A3A;#FFF2D8,orange and cream buttercream waves,"Use a food-safe acrylic, cardstock, chocolate, or fondant topper sized to the top tier.",smooth or lightly textured buttercream,12-80,standard-to-premium,Final allergen and dietary suitability must be confirmed by the bakery; visual design does not prove ingredient safety.,Use internal cake boards and dowels for stacked tiers; bakery must approve topper and decoration weights.,cake/retro-70s/design-01
retro-70s-cake-02,retro-70s,birthday;corporate;graduation;anniversary;themed-party,Retro daisy cake,round,1-2,mustard buttercream,#F28C28;#D94F30;#E8C547;#6B7A3A;#FFF2D8,mustard buttercream;white piped daisies,"Use a food-safe acrylic, cardstock, chocolate, or fondant topper sized to the top tier.",smooth or lightly textured buttercream,12-50,premium,Final allergen and dietary suitability must be confirmed by the bakery; visual design does not prove ingredient safety.,Use internal cake boards and dowels for stacked tiers; bakery must approve topper and decoration weights.,cake/retro-70s/design-02
retro-70s-cake-03,retro-70s,birthday;corporate;graduation;anniversary;themed-party,Checkerboard heart cake,heart,1-3,cream buttercream,#F28C28;#D94F30;#E8C547;#6B7A3A;#FFF2D8,cream buttercream;orange checkerboard;cherry topper,"Use a food-safe acrylic, cardstock, chocolate, or fondant topper sized to the top tier.",smooth or lightly textured buttercream,20-100,premium,Final allergen and dietary suitability must be confirmed by the bakery; visual design does not prove ingredient safety.,Use internal cake boards and dowels for stacked tiers; bakery must approve topper and decoration weights.,cake/retro-70s/design-03
winter-wonderland-cake-01,winter-wonderland,wedding;birthday;corporate;holiday-party;engagement,Snowflake tier cake,round,1-3,white fondant,#FFFFFF;#DCECF5;#A9C5D8;#BFC4CC;#244A66,white fondant;embossed snowflakes;silver ribbon,"Use a food-safe acrylic, cardstock, chocolate, or fondant topper sized to the top tier.",smooth fondant,12-80,standard-to-premium,Final allergen and dietary suitability must be confirmed by the bakery; visual design does not prove ingredient safety.,Use internal cake boards and dowels for stacked tiers; bakery must approve topper and decoration weights.,cake/winter-wonderland/design-01
winter-wonderland-cake-02,winter-wonderland,wedding;birthday;corporate;holiday-party;engagement,Icy shard cake,round,1-2,pale blue buttercream,#FFFFFF;#DCECF5;#A9C5D8;#BFC4CC;#244A66,pale blue buttercream;clear sugar shards,"Use a food-safe acrylic, cardstock, chocolate, or fondant topper sized to the top tier.",smooth or lightly textured buttercream,12-50,premium,Final allergen and dietary suitability must be confirmed by the bakery; visual design does not prove ingredient safety.,Use internal cake boards and dowels for stacked tiers; bakery must approve topper and decoration weights.,cake/winter-wonderland/design-02
winter-wonderland-cake-03,winter-wonderland,wedding;birthday;corporate;holiday-party;engagement,Frosted forest cake,round,1-3,white buttercream,#FFFFFF;#DCECF5;#A9C5D8;#BFC4CC;#244A66,white buttercream;white chocolate trees;powdered sugar effect,"Use a food-safe acrylic, cardstock, chocolate, or fondant topper sized to the top tier.",smooth or lightly textured buttercream,20-100,premium,Final allergen and dietary suitability must be confirmed by the bakery; visual design does not prove ingredient safety.,Use internal cake boards and dowels for stacked tiers; bakery must approve topper and decoration weights.,cake/winter-wonderland/design-03
south-asian-mehndi-cake-01,south-asian-mehndi,mehndi;mayun;engagement;wedding;birthday,Henna-piped mehndi cake,round,1-3,green buttercream,#F6B51B;#F26B21;#D62D58;#2F8F5B;#7B3FA1,green buttercream;fine gold piping;marigold sugar flowers,"Use a food-safe acrylic, cardstock, chocolate, or fondant topper sized to the top tier.",smooth or lightly textured buttercream,12-80,standard-to-premium,Final allergen and dietary suitability must be confirmed by the bakery; visual design does not prove ingredient safety.,Use internal cake boards and dowels for stacked tiers; bakery must approve topper and decoration weights.,cake/south-asian-mehndi/design-01
south-asian-mehndi-cake-02,south-asian-mehndi,mehndi;mayun;engagement;wedding;birthday,Phulkari-color cake,round,1-2,bright fondant panels,#F6B51B;#F26B21;#D62D58;#2F8F5B;#7B3FA1,bright fondant panels;embroidered-look pattern,"Use a food-safe acrylic, cardstock, chocolate, or fondant topper sized to the top tier.",smooth fondant,12-50,premium,Final allergen and dietary suitability must be confirmed by the bakery; visual design does not prove ingredient safety.,Use internal cake boards and dowels for stacked tiers; bakery must approve topper and decoration weights.,cake/south-asian-mehndi/design-02
south-asian-mehndi-cake-03,south-asian-mehndi,mehndi;mayun;engagement;wedding;birthday,Dholki celebration cake,round,1-3,yellow buttercream,#F6B51B;#F26B21;#D62D58;#2F8F5B;#7B3FA1,yellow buttercream;pink and orange piping;festive topper,"Use a food-safe acrylic, cardstock, chocolate, or fondant topper sized to the top tier.",smooth or lightly textured buttercream,20-100,premium,Final allergen and dietary suitability must be confirmed by the bakery; visual design does not prove ingredient safety.,Use internal cake boards and dowels for stacked tiers; bakery must approve topper and decoration weights.,cake/south-asian-mehndi/design-03
south-asian-wedding-cake-01,south-asian-wedding,wedding;nikah;walima;engagement;reception,Maroon gold-tracery cake,round,1-3,maroon fondant,#7A1725;#D7B56D;#FFF4E0;#37543B;#D7A6A9,maroon fondant;gold royal-icing tracery;ivory flowers,"Use a food-safe acrylic, cardstock, chocolate, or fondant topper sized to the top tier.",smooth fondant,12-80,standard-to-premium,Final allergen and dietary suitability must be confirmed by the bakery; visual design does not prove ingredient safety.,Use internal cake boards and dowels for stacked tiers; bakery must approve topper and decoration weights.,cake/south-asian-wedding/design-01
south-asian-wedding-cake-02,south-asian-wedding,wedding;nikah;walima;engagement;reception,Ivory jharokha-detail cake,round,1-2,ivory fondant,#7A1725;#D7B56D;#FFF4E0;#37543B;#D7A6A9,ivory fondant;architectural piping;gold separators,"Use a food-safe acrylic, cardstock, chocolate, or fondant topper sized to the top tier.",smooth fondant,12-50,premium,Final allergen and dietary suitability must be confirmed by the bakery; visual design does not prove ingredient safety.,Use internal cake boards and dowels for stacked tiers; bakery must approve topper and decoration weights.,cake/south-asian-wedding/design-02
south-asian-wedding-cake-03,south-asian-wedding,wedding;nikah;walima;engagement;reception,Walima blush tier cake,round,1-3,blush buttercream,#7A1725;#D7B56D;#FFF4E0;#37543B;#D7A6A9,blush buttercream;white sugar flowers;subtle gold leaf,"Use a food-safe acrylic, cardstock, chocolate, or fondant topper sized to the top tier.",smooth or lightly textured buttercream,20-100,premium,Final allergen and dietary suitability must be confirmed by the bakery; visual design does not prove ingredient safety.,Use internal cake boards and dowels for stacked tiers; bakery must approve topper and decoration weights.,cake/south-asian-wedding/design-03
arabian-majlis-cake-01,arabian-majlis,engagement;wedding;family-gathering;corporate;ramadan-iftar,Emerald lattice cake,round,1-3,emerald fondant,#123C36;#C79A4A;#7A263A;#E7D7B8;#1F1A17,emerald fondant;gold geometric lattice;date-palm topper,"Use a food-safe acrylic, cardstock, chocolate, or fondant topper sized to the top tier.",smooth fondant,12-80,standard-to-premium,Final allergen and dietary suitability must be confirmed by the bakery; visual design does not prove ingredient safety.,Use internal cake boards and dowels for stacked tiers; bakery must approve topper and decoration weights.,cake/arabian-majlis/design-01
arabian-majlis-cake-02,arabian-majlis,engagement;wedding;family-gathering;corporate;ramadan-iftar,Arch-motif cake,round,1-2,ivory buttercream,#123C36;#C79A4A;#7A263A;#E7D7B8;#1F1A17,ivory buttercream;burgundy arches;gold line,"Use a food-safe acrylic, cardstock, chocolate, or fondant topper sized to the top tier.",smooth or lightly textured buttercream,12-50,premium,Final allergen and dietary suitability must be confirmed by the bakery; visual design does not prove ingredient safety.,Use internal cake boards and dowels for stacked tiers; bakery must approve topper and decoration weights.,cake/arabian-majlis/design-02
arabian-majlis-cake-03,arabian-majlis,engagement;wedding;family-gathering;corporate;ramadan-iftar,Lantern-night cake,round,1-3,navy buttercream,#123C36;#C79A4A;#7A263A;#E7D7B8;#1F1A17,navy buttercream;gold stars;lantern silhouette topper,"Use a food-safe acrylic, cardstock, chocolate, or fondant topper sized to the top tier.",smooth or lightly textured buttercream,20-100,premium,Final allergen and dietary suitability must be confirmed by the bakery; visual design does not prove ingredient safety.,Use internal cake boards and dowels for stacked tiers; bakery must approve topper and decoration weights.,cake/arabian-majlis/design-03
sports-hobby-cake-01,sports-hobby,birthday;kids-birthday;corporate;team-celebration;graduation,Team-color drip cake,round,1-3,team-color buttercream,#FFFFFF;#1E4E8C;#D62828;#2A9D5B;#222222,team-color buttercream;contrast drip;name topper,"Use a food-safe acrylic, cardstock, chocolate, or fondant topper sized to the top tier.",smooth or lightly textured buttercream,12-80,standard-to-premium,Final allergen and dietary suitability must be confirmed by the bakery; visual design does not prove ingredient safety.,Use internal cake boards and dowels for stacked tiers; bakery must approve topper and decoration weights.,cake/sports-hobby/design-01
sports-hobby-cake-02,sports-hobby,birthday;kids-birthday;corporate;team-celebration;graduation,Jersey number cake,sheet,1-2,buttercream jersey graphic,#FFFFFF;#1E4E8C;#D62828;#2A9D5B;#222222,buttercream jersey graphic;number and name,"Use a food-safe acrylic, cardstock, chocolate, or fondant topper sized to the top tier.",smooth or lightly textured buttercream,12-50,premium,Final allergen and dietary suitability must be confirmed by the bakery; visual design does not prove ingredient safety.,Use internal cake boards and dowels for stacked tiers; bakery must approve topper and decoration weights.,cake/sports-hobby/design-02
sports-hobby-cake-03,sports-hobby,birthday;kids-birthday;corporate;team-celebration;graduation,Hobby silhouette cake,round,1-3,neutral buttercream,#FFFFFF;#1E4E8C;#D62828;#2A9D5B;#222222,neutral buttercream;edible silhouette graphics;accent colors,"Use a food-safe acrylic, cardstock, chocolate, or fondant topper sized to the top tier.",smooth or lightly textured buttercream,20-100,premium,Final allergen and dietary suitability must be confirmed by the bakery; visual design does not prove ingredient safety.,Use internal cake boards and dowels for stacked tiers; bakery must approve topper and decoration weights.,cake/sports-hobby/design-03
rainbow-bright-pop-cake-01,rainbow-bright-pop,birthday;kids-birthday;graduation;pride-event;corporate,Rainbow arch cake,round,1-3,white buttercream,#F94144;#F8961E;#F9C74F;#43AA8B;#577590;#9B5DE5,white buttercream;stacked rainbow arches,"Use a food-safe acrylic, cardstock, chocolate, or fondant topper sized to the top tier.",smooth or lightly textured buttercream,12-80,standard-to-premium,Final allergen and dietary suitability must be confirmed by the bakery; visual design does not prove ingredient safety.,Use internal cake boards and dowels for stacked tiers; bakery must approve topper and decoration weights.,cake/rainbow-bright-pop/design-01
rainbow-bright-pop-cake-02,rainbow-bright-pop,birthday;kids-birthday;graduation;pride-event;corporate,Color-block pop cake,square,1-2,six bright fondant panels,#F94144;#F8961E;#F9C74F;#43AA8B;#577590;#9B5DE5,six bright fondant panels;white topper,"Use a food-safe acrylic, cardstock, chocolate, or fondant topper sized to the top tier.",smooth fondant,12-50,premium,Final allergen and dietary suitability must be confirmed by the bakery; visual design does not prove ingredient safety.,Use internal cake boards and dowels for stacked tiers; bakery must approve topper and decoration weights.,cake/rainbow-bright-pop/design-02
rainbow-bright-pop-cake-03,rainbow-bright-pop,birthday;kids-birthday;graduation;pride-event;corporate,Confetti stripe cake,round,1-3,bright horizontal stripes,#F94144;#F8961E;#F9C74F;#43AA8B;#577590;#9B5DE5,bright horizontal stripes;edible confetti sprinkles,"Use a food-safe acrylic, cardstock, chocolate, or fondant topper sized to the top tier.",smooth or lightly textured buttercream,20-100,premium,Final allergen and dietary suitability must be confirmed by the bakery; visual design does not prove ingredient safety.,Use internal cake boards and dowels for stacked tiers; bakery must approve topper and decoration weights.,cake/rainbow-bright-pop/design-03
farmhouse-cake-01,farmhouse,birthday;baby-shower;wedding;family-party;harvest-event,Gingham berry cake,round,1-3,white buttercream,#F7F3E8;#C8B99C;#6E7F5B;#A64B3C;#3B3A32,white buttercream;red gingham band;edible berries,"Use a food-safe acrylic, cardstock, chocolate, or fondant topper sized to the top tier.",smooth or lightly textured buttercream,12-80,standard-to-premium,Final allergen and dietary suitability must be confirmed by the bakery; visual design does not prove ingredient safety.,Use internal cake boards and dowels for stacked tiers; bakery must approve topper and decoration weights.,cake/farmhouse/design-01
farmhouse-cake-02,farmhouse,birthday;baby-shower;wedding;family-party;harvest-event,Farmhouse floral cake,round,1-2,cream buttercream,#F7F3E8;#C8B99C;#6E7F5B;#A64B3C;#3B3A32,cream buttercream;small meadow flowers;wood-look topper,"Use a food-safe acrylic, cardstock, chocolate, or fondant topper sized to the top tier.",smooth or lightly textured buttercream,12-50,premium,Final allergen and dietary suitability must be confirmed by the bakery; visual design does not prove ingredient safety.,Use internal cake boards and dowels for stacked tiers; bakery must approve topper and decoration weights.,cake/farmhouse/design-02
farmhouse-cake-03,farmhouse,birthday;baby-shower;wedding;family-party;harvest-event,Apple-cinnamon style cake,round,1-3,beige buttercream,#F7F3E8;#C8B99C;#6E7F5B;#A64B3C;#3B3A32,beige buttercream;caramel drip;edible apple slices,"Use a food-safe acrylic, cardstock, chocolate, or fondant topper sized to the top tier.",smooth or lightly textured buttercream,20-100,premium,Final allergen and dietary suitability must be confirmed by the bakery; visual design does not prove ingredient safety.,Use internal cake boards and dowels for stacked tiers; bakery must approve topper and decoration weights.,cake/farmhouse/design-03
art-deco-cake-01,art-deco,wedding;birthday;corporate-gala;anniversary;engagement,Black gold fan cake,square,1-3,black fondant,#0B0B0B;#D4AF37;#F5E9D4;#0E5A4F;#7A1734,black fondant;gold fan lines;emerald accent,"Use a food-safe acrylic, cardstock, chocolate, or fondant topper sized to the top tier.",smooth fondant,12-80,standard-to-premium,Final allergen and dietary suitability must be confirmed by the bakery; visual design does not prove ingredient safety.,Use internal cake boards and dowels for stacked tiers; bakery must approve topper and decoration weights.,cake/art-deco/design-01
art-deco-cake-02,art-deco,wedding;birthday;corporate-gala;anniversary;engagement,Ivory stepped cake,square,1-2,ivory fondant,#0B0B0B;#D4AF37;#F5E9D4;#0E5A4F;#7A1734,ivory fondant;black stepped panels;gold bead border,"Use a food-safe acrylic, cardstock, chocolate, or fondant topper sized to the top tier.",smooth fondant,12-50,premium,Final allergen and dietary suitability must be confirmed by the bakery; visual design does not prove ingredient safety.,Use internal cake boards and dowels for stacked tiers; bakery must approve topper and decoration weights.,cake/art-deco/design-02
art-deco-cake-03,art-deco,wedding;birthday;corporate-gala;anniversary;engagement,Emerald deco tier cake,round,1-3,emerald fondant,#0B0B0B;#D4AF37;#F5E9D4;#0E5A4F;#7A1734,emerald fondant;gold geometric bands;black base tier,"Use a food-safe acrylic, cardstock, chocolate, or fondant topper sized to the top tier.",smooth fondant,20-100,premium,Final allergen and dietary suitability must be confirmed by the bakery; visual design does not prove ingredient safety.,Use internal cake boards and dowels for stacked tiers; bakery must approve topper and decoration weights.,cake/art-deco/design-03
enchanted-forest-cake-01,enchanted-forest,wedding;birthday;kids-birthday;engagement;themed-party,Woodland bark cake,round,1-3,chocolate bark texture,#173F2A;#557A46;#8A6B45;#D8C7A0;#F7F1DF,chocolate bark texture;green crumb moss;edible mushrooms,"Use a food-safe acrylic, cardstock, chocolate, or fondant topper sized to the top tier.",smooth or lightly textured buttercream,12-80,standard-to-premium,Final allergen and dietary suitability must be confirmed by the bakery; visual design does not prove ingredient safety.,Use internal cake boards and dowels for stacked tiers; bakery must approve topper and decoration weights.,cake/enchanted-forest/design-01
enchanted-forest-cake-02,enchanted-forest,wedding;birthday;kids-birthday;engagement;themed-party,Forest floral cake,round,1-2,deep green buttercream,#173F2A;#557A46;#8A6B45;#D8C7A0;#F7F1DF,deep green buttercream;small sugar flowers;wood topper,"Use a food-safe acrylic, cardstock, chocolate, or fondant topper sized to the top tier.",smooth or lightly textured buttercream,12-50,premium,Final allergen and dietary suitability must be confirmed by the bakery; visual design does not prove ingredient safety.,Use internal cake boards and dowels for stacked tiers; bakery must approve topper and decoration weights.,cake/enchanted-forest/design-02
enchanted-forest-cake-03,enchanted-forest,wedding;birthday;kids-birthday;engagement;themed-party,Stone-and-moss cake,round,1-3,grey stone buttercream,#173F2A;#557A46;#8A6B45;#D8C7A0;#F7F1DF,grey stone buttercream;green crumb accents;warm-light topper,"Use a food-safe acrylic, cardstock, chocolate, or fondant topper sized to the top tier.",smooth or lightly textured buttercream,20-100,premium,Final allergen and dietary suitability must be confirmed by the bakery; visual design does not prove ingredient safety.,Use internal cake boards and dowels for stacked tiers; bakery must approve topper and decoration weights.,cake/enchanted-forest/design-03
celestial-night-cake-01,celestial-night,birthday;engagement;wedding;graduation;corporate,Gold constellation cake,round,1-3,navy fondant,#0D1B3D;#263B73;#C7A84A;#E8E2D1;#8D7BBE,navy fondant;gold constellation lines;moon topper,"Use a food-safe acrylic, cardstock, chocolate, or fondant topper sized to the top tier.",smooth fondant,12-80,standard-to-premium,Final allergen and dietary suitability must be confirmed by the bakery; visual design does not prove ingredient safety.,Use internal cake boards and dowels for stacked tiers; bakery must approve topper and decoration weights.,cake/celestial-night/design-01
celestial-night-cake-02,celestial-night,birthday;engagement;wedding;graduation;corporate,Midnight ombre cake,round,1-2,navy-to-lavender buttercream,#0D1B3D;#263B73;#C7A84A;#E8E2D1;#8D7BBE,navy-to-lavender buttercream;silver stars,"Use a food-safe acrylic, cardstock, chocolate, or fondant topper sized to the top tier.",smooth or lightly textured buttercream,12-50,premium,Final allergen and dietary suitability must be confirmed by the bakery; visual design does not prove ingredient safety.,Use internal cake boards and dowels for stacked tiers; bakery must approve topper and decoration weights.,cake/celestial-night/design-02
celestial-night-cake-03,celestial-night,birthday;engagement;wedding;graduation;corporate,Moon phase cake,round,1-3,cream buttercream,#0D1B3D;#263B73;#C7A84A;#E8E2D1;#8D7BBE,cream buttercream;gold moon phases;dark base tier,"Use a food-safe acrylic, cardstock, chocolate, or fondant topper sized to the top tier.",smooth or lightly textured buttercream,20-100,premium,Final allergen and dietary suitability must be confirmed by the bakery; visual design does not prove ingredient safety.,Use internal cake boards and dowels for stacked tiers; bakery must approve topper and decoration weights.,cake/celestial-night/design-03
corporate-brand-cake-01,corporate-brand,corporate;product-launch;conference;store-opening;team-event,Logo plaque cake,square,1-3,white fondant,#FFFFFF;#1F2937;#2563EB;#E5E7EB;#111827,white fondant;edible printed logo;brand-color edge,"Use a food-safe acrylic, cardstock, chocolate, or fondant topper sized to the top tier.",smooth fondant,12-80,standard-to-premium,Final allergen and dietary suitability must be confirmed by the bakery; visual design does not prove ingredient safety.,Use internal cake boards and dowels for stacked tiers; bakery must approve topper and decoration weights.,cake/corporate-brand/design-01
corporate-brand-cake-02,corporate-brand,corporate;product-launch;conference;store-opening;team-event,Brand-color geometric cake,round,1-2,brand-color panels,#FFFFFF;#1F2937;#2563EB;#E5E7EB;#111827,brand-color panels;minimal topper,"Use a food-safe acrylic, cardstock, chocolate, or fondant topper sized to the top tier.",smooth or lightly textured buttercream,12-50,premium,Final allergen and dietary suitability must be confirmed by the bakery; visual design does not prove ingredient safety.,Use internal cake boards and dowels for stacked tiers; bakery must approve topper and decoration weights.,cake/corporate-brand/design-02
corporate-brand-cake-03,corporate-brand,corporate;product-launch;conference;store-opening;team-event,Product-launch sheet cake,sheet,1-3,smooth buttercream,#FFFFFF;#1F2937;#2563EB;#E5E7EB;#111827,smooth buttercream;edible print;clean border,"Use a food-safe acrylic, cardstock, chocolate, or fondant topper sized to the top tier.",smooth or lightly textured buttercream,20-100,premium,Final allergen and dietary suitability must be confirmed by the bakery; visual design does not prove ingredient safety.,Use internal cake boards and dowels for stacked tiers; bakery must approve topper and decoration weights.,cake/corporate-brand/design-03
baby-safari-cake-01,baby-safari,baby-shower;first-birthday;kids-birthday;gender-neutral-shower,Baby animal topper cake,round,1-3,sage buttercream,#DDE7C7;#AFC58B;#D9B38C;#F4E6CF;#6B7A4A,sage buttercream;fondant baby animals;name plaque,"Use a food-safe acrylic, cardstock, chocolate, or fondant topper sized to the top tier.",smooth fondant,12-80,standard-to-premium,Final allergen and dietary suitability must be confirmed by the bakery; visual design does not prove ingredient safety.,Use internal cake boards and dowels for stacked tiers; bakery must approve topper and decoration weights.,cake/baby-safari/design-01
baby-safari-cake-02,baby-safari,baby-shower;first-birthday;kids-birthday;gender-neutral-shower,Safari leaf cake,round,1-2,cream buttercream,#DDE7C7;#AFC58B;#D9B38C;#F4E6CF;#6B7A4A,cream buttercream;painted leaves;giraffe topper,"Use a food-safe acrylic, cardstock, chocolate, or fondant topper sized to the top tier.",smooth or lightly textured buttercream,12-50,premium,Final allergen and dietary suitability must be confirmed by the bakery; visual design does not prove ingredient safety.,Use internal cake boards and dowels for stacked tiers; bakery must approve topper and decoration weights.,cake/baby-safari/design-02
baby-safari-cake-03,baby-safari,baby-shower;first-birthday;kids-birthday;gender-neutral-shower,Neutral first-birthday cake,round,1-3,beige buttercream,#DDE7C7;#AFC58B;#D9B38C;#F4E6CF;#6B7A4A,beige buttercream;small animal faces;number one topper,"Use a food-safe acrylic, cardstock, chocolate, or fondant topper sized to the top tier.",smooth or lightly textured buttercream,20-100,premium,Final allergen and dietary suitability must be confirmed by the bakery; visual design does not prove ingredient safety.,Use internal cake boards and dowels for stacked tiers; bakery must approve topper and decoration weights.,cake/baby-safari/design-03
candy-pop-cake-01,candy-pop,kids-birthday;birthday;school-event;product-launch,Candy stripe cake,round,1-3,pink and white striped buttercream,#FF5FA2;#7ED6FF;#FFE66D;#B8F2A1;#FFFFFF,pink and white striped buttercream;lollipop topper,"Use a food-safe acrylic, cardstock, chocolate, or fondant topper sized to the top tier.",smooth or lightly textured buttercream,12-80,standard-to-premium,Final allergen and dietary suitability must be confirmed by the bakery; visual design does not prove ingredient safety.,Use internal cake boards and dowels for stacked tiers; bakery must approve topper and decoration weights.,cake/candy-pop/design-01
candy-pop-cake-02,candy-pop,kids-birthday;birthday;school-event;product-launch,Pastel sprinkle cake,round,1-2,blue buttercream,#FF5FA2;#7ED6FF;#FFE66D;#B8F2A1;#FFFFFF,blue buttercream;edible sprinkles;drip,"Use a food-safe acrylic, cardstock, chocolate, or fondant topper sized to the top tier.",smooth or lightly textured buttercream,12-50,premium,Final allergen and dietary suitability must be confirmed by the bakery; visual design does not prove ingredient safety.,Use internal cake boards and dowels for stacked tiers; bakery must approve topper and decoration weights.,cake/candy-pop/design-02
candy-pop-cake-03,candy-pop,kids-birthday;birthday;school-event;product-launch,Sweet-shop tier cake,round,1-3,color-block fondant,#FF5FA2;#7ED6FF;#FFE66D;#B8F2A1;#FFFFFF,color-block fondant;wrapped-candy motifs;name topper,"Use a food-safe acrylic, cardstock, chocolate, or fondant topper sized to the top tier.",smooth fondant,20-100,premium,Final allergen and dietary suitability must be confirmed by the bakery; visual design does not prove ingredient safety.,Use internal cake boards and dowels for stacked tiers; bakery must approve topper and decoration weights.,cake/candy-pop/design-03
