assignment_id,reviewer_slot,scenario_id,event_type,venue_type,guest_count,room_length_m,room_width_m,budget_pkr,age_group,time_of_day,preferred_color,preferred_style,current_theme_label,current_cake_label,current_decor_label,current_layout_label,expert_theme_label,expert_cake_label,expert_decor_label,expert_layout_label,expert_confidence,expert_role,expert_id,review_decision,comments,reviewed_at_utc
BSAR0033-R1,1,BSAR0033,wedding,restaurant,86,10.7,9.1,214000,adult,night,white,colourful,pastel_floral,two_tier_round,minimal_backdrop,two_side_tables,,,,,,,,,,
BSAR0033-R2,2,BSAR0033,wedding,restaurant,86,10.7,9.1,214000,adult,night,white,colourful,pastel_floral,two_tier_round,minimal_backdrop,two_side_tables,,,,,,,,,,
BSAR0069-R1,1,BSAR0069,wedding,home,95,13.6,7.6,341000,mixed,night,white,colourful,pastel_floral,three_tier_luxury,balloon_setup,two_side_tables,,,,,,,,,,
BSAR0069-R2,2,BSAR0069,wedding,home,95,13.6,7.6,341000,mixed,night,white,colourful,pastel_floral,three_tier_luxury,balloon_setup,two_side_tables,,,,,,,,,,
BSAR0081-R1,1,BSAR0081,baby_shower,home,86,11.4,9.4,124000,mixed,day,white,colourful,pastel_floral,two_tier_round,minimal_backdrop,two_side_tables,,,,,,,,,,
BSAR0081-R2,2,BSAR0081,baby_shower,home,86,11.4,9.4,124000,mixed,day,white,colourful,pastel_floral,two_tier_round,minimal_backdrop,two_side_tables,,,,,,,,,,
BSAR0111-R1,1,BSAR0111,anniversary,restaurant,11,7.3,4.2,46000,adult,day,white,traditional,pastel_floral,single_tier_round,minimal_backdrop,single_cake_table,,,,,,,,,,
BSAR0111-R2,2,BSAR0111,anniversary,restaurant,11,7.3,4.2,46000,adult,day,white,traditional,pastel_floral,single_tier_round,minimal_backdrop,single_cake_table,,,,,,,,,,
BSAR0130-R1,1,BSAR0130,wedding,home,105,10.8,8.4,507000,adult,day,white,minimal,pastel_floral,three_tier_luxury,rustic_wood_setup,two_side_tables,,,,,,,,,,
BSAR0130-R2,2,BSAR0130,wedding,home,105,10.8,8.4,507000,adult,day,white,minimal,pastel_floral,three_tier_luxury,rustic_wood_setup,two_side_tables,,,,,,,,,,
BSAR0143-R1,1,BSAR0143,baby_shower,outdoor,20,8.4,6,59000,adult,night,white,elegant,pastel_floral,single_tier_square,balloon_setup,single_cake_table,,,,,,,,,,
BSAR0143-R2,2,BSAR0143,baby_shower,outdoor,20,8.4,6,59000,adult,night,white,elegant,pastel_floral,single_tier_square,balloon_setup,single_cake_table,,,,,,,,,,
BSAR0160-R1,1,BSAR0160,baby_shower,outdoor,37,10.7,8.2,130000,adult,night,white,elegant,pastel_floral,single_tier_square,balloon_setup,cake_and_dessert_table,,,,,,,,,,
BSAR0160-R2,2,BSAR0160,baby_shower,outdoor,37,10.7,8.2,130000,adult,night,white,elegant,pastel_floral,single_tier_square,balloon_setup,cake_and_dessert_table,,,,,,,,,,
BSAR0205-R1,1,BSAR0205,baby_shower,outdoor,91,16.2,9.5,310000,adult,day,mixed,elegant,pastel_floral,two_tier_floral,rustic_wood_setup,two_side_tables,,,,,,,,,,
BSAR0205-R2,2,BSAR0205,baby_shower,outdoor,91,16.2,9.5,310000,adult,day,mixed,elegant,pastel_floral,two_tier_floral,rustic_wood_setup,two_side_tables,,,,,,,,,,
BSAR0226-R1,1,BSAR0226,baby_shower,home,250,19.1,15.3,496000,adult,day,mixed,minimal,pastel_floral,three_tier_luxury,minimal_backdrop,two_side_tables,,,,,,,,,,
BSAR0226-R2,2,BSAR0226,baby_shower,home,250,19.1,15.3,496000,adult,day,mixed,minimal,pastel_floral,three_tier_luxury,minimal_backdrop,two_side_tables,,,,,,,,,,
BSAR0231-R1,1,BSAR0231,anniversary,outdoor,61,14.1,7.6,478000,adult,day,pink,minimal,pastel_floral,two_tier_round,luxury_stage,full_stage_setup,,,,,,,,,,
BSAR0231-R2,2,BSAR0231,anniversary,outdoor,61,14.1,7.6,478000,adult,day,pink,minimal,pastel_floral,two_tier_round,luxury_stage,full_stage_setup,,,,,,,,,,
BSAR0237-R1,1,BSAR0237,baby_shower,hall,29,8.3,6.2,129000,adult,day,pink,minimal,pastel_floral,single_tier_square,flower_wall,single_cake_table,,,,,,,,,,
BSAR0237-R2,2,BSAR0237,baby_shower,hall,29,8.3,6.2,129000,adult,day,pink,minimal,pastel_floral,single_tier_square,flower_wall,single_cake_table,,,,,,,,,,
BSAR0243-R1,1,BSAR0243,graduation,hall,80,14.8,8.4,375000,teenager,day,purple,elegant,pastel_floral,two_tier_floral,flower_wall,two_side_tables,,,,,,,,,,
BSAR0243-R2,2,BSAR0243,graduation,hall,80,14.8,8.4,375000,teenager,day,purple,elegant,pastel_floral,two_tier_floral,flower_wall,two_side_tables,,,,,,,,,,
BSAR0273-R1,1,BSAR0273,birthday,hall,28,8.6,6.4,455000,teenager,night,pink,elegant,pastel_floral,single_tier_square,luxury_stage,full_stage_setup,,,,,,,,,,
BSAR0273-R2,2,BSAR0273,birthday,hall,28,8.6,6.4,455000,teenager,night,pink,elegant,pastel_floral,single_tier_square,luxury_stage,full_stage_setup,,,,,,,,,,
BSAR0276-R1,1,BSAR0276,birthday,restaurant,113,14.3,11.3,600000,teenager,night,pink,colourful,pastel_floral,two_tier_floral,flower_wall,two_side_tables,,,,,,,,,,
BSAR0276-R2,2,BSAR0276,birthday,restaurant,113,14.3,11.3,600000,teenager,night,pink,colourful,pastel_floral,two_tier_floral,flower_wall,two_side_tables,,,,,,,,,,
BSAR0333-R1,1,BSAR0333,birthday,hall,81,14,7.7,233000,child,night,pink,traditional,pastel_floral,two_tier_round,flower_wall,two_side_tables,,,,,,,,,,
BSAR0333-R2,2,BSAR0333,birthday,hall,81,14,7.7,233000,child,night,pink,traditional,pastel_floral,two_tier_round,flower_wall,two_side_tables,,,,,,,,,,
BSAR0346-R1,1,BSAR0346,baby_shower,restaurant,108,13.6,9,219000,mixed,night,pink,elegant,pastel_floral,three_tier_luxury,minimal_backdrop,two_side_tables,,,,,,,,,,
BSAR0346-R2,2,BSAR0346,baby_shower,restaurant,108,13.6,9,219000,mixed,night,pink,elegant,pastel_floral,three_tier_luxury,minimal_backdrop,two_side_tables,,,,,,,,,,
BSAR0363-R1,1,BSAR0363,baby_shower,restaurant,103,12.2,10.5,274000,adult,night,white,colourful,pastel_floral,two_tier_floral,minimal_backdrop,two_side_tables,,,,,,,,,,
BSAR0363-R2,2,BSAR0363,baby_shower,restaurant,103,12.2,10.5,274000,adult,night,white,colourful,pastel_floral,two_tier_floral,minimal_backdrop,two_side_tables,,,,,,,,,,
BSAR0371-R1,1,BSAR0371,baby_shower,hall,158,17.5,12.9,469000,adult,day,pink,elegant,pastel_floral,three_tier_luxury,rustic_wood_setup,full_stage_setup,,,,,,,,,,
BSAR0371-R2,2,BSAR0371,baby_shower,hall,158,17.5,12.9,469000,adult,day,pink,elegant,pastel_floral,three_tier_luxury,rustic_wood_setup,full_stage_setup,,,,,,,,,,
BSAR0409-R1,1,BSAR0409,birthday,hall,22,9.3,5.8,82000,child,day,mixed,rustic,pastel_floral,single_tier_square,rustic_wood_setup,single_cake_table,,,,,,,,,,
BSAR0409-R2,2,BSAR0409,birthday,hall,22,9.3,5.8,82000,child,day,mixed,rustic,pastel_floral,single_tier_square,rustic_wood_setup,single_cake_table,,,,,,,,,,
BSAR0457-R1,1,BSAR0457,anniversary,hall,45,12.1,7.6,92000,adult,night,pink,rustic,pastel_floral,two_tier_round,balloon_setup,cake_and_dessert_table,,,,,,,,,,
BSAR0457-R2,2,BSAR0457,anniversary,hall,45,12.1,7.6,92000,adult,night,pink,rustic,pastel_floral,two_tier_round,balloon_setup,cake_and_dessert_table,,,,,,,,,,
BSAR0035-R1,1,BSAR0035,graduation,restaurant,61,10.1,6.6,715000,adult,night,mixed,minimal,modern_minimal,two_tier_floral,luxury_stage,full_stage_setup,,,,,,,,,,
BSAR0035-R2,2,BSAR0035,graduation,restaurant,61,10.1,6.6,715000,adult,night,mixed,minimal,modern_minimal,two_tier_floral,luxury_stage,full_stage_setup,,,,,,,,,,
BSAR0044-R1,1,BSAR0044,graduation,restaurant,39,9,7.9,155000,teenager,day,mixed,minimal,modern_minimal,two_tier_round,flower_wall,cake_and_dessert_table,,,,,,,,,,
BSAR0044-R2,2,BSAR0044,graduation,restaurant,39,9,7.9,155000,teenager,day,mixed,minimal,modern_minimal,two_tier_round,flower_wall,cake_and_dessert_table,,,,,,,,,,
BSAR0079-R1,1,BSAR0079,baby_shower,outdoor,30,9,6.6,199000,adult,day,white,minimal,modern_minimal,single_tier_square,flower_wall,cake_and_dessert_table,,,,,,,,,,
BSAR0079-R2,2,BSAR0079,baby_shower,outdoor,30,9,6.6,199000,adult,day,white,minimal,modern_minimal,single_tier_square,flower_wall,cake_and_dessert_table,,,,,,,,,,
BSAR0148-R1,1,BSAR0148,graduation,restaurant,47,8.8,6.9,143000,teenager,day,gold,minimal,modern_minimal,two_tier_round,minimal_backdrop,cake_and_dessert_table,,,,,,,,,,
BSAR0148-R2,2,BSAR0148,graduation,restaurant,47,8.8,6.9,143000,teenager,day,gold,minimal,modern_minimal,two_tier_round,minimal_backdrop,cake_and_dessert_table,,,,,,,,,,
BSAR0210-R1,1,BSAR0210,graduation,hall,117,14.9,10,630000,adult,night,white,minimal,modern_minimal,two_tier_floral,luxury_stage,full_stage_setup,,,,,,,,,,
BSAR0210-R2,2,BSAR0210,graduation,hall,117,14.9,10,630000,adult,night,white,minimal,modern_minimal,two_tier_floral,luxury_stage,full_stage_setup,,,,,,,,,,
BSAR0244-R1,1,BSAR0244,baby_shower,hall,105,14.3,9.5,1040000,adult,day,gold,minimal,modern_minimal,three_tier_luxury,luxury_stage,full_stage_setup,,,,,,,,,,
BSAR0244-R2,2,BSAR0244,baby_shower,hall,105,14.3,9.5,1040000,adult,day,gold,minimal,modern_minimal,three_tier_luxury,luxury_stage,full_stage_setup,,,,,,,,,,
BSAR0286-R1,1,BSAR0286,birthday,home,105,12.5,8.2,188000,child,day,white,minimal,modern_minimal,two_tier_floral,minimal_backdrop,two_side_tables,,,,,,,,,,
BSAR0286-R2,2,BSAR0286,birthday,home,105,12.5,8.2,188000,child,day,white,minimal,modern_minimal,two_tier_floral,minimal_backdrop,two_side_tables,,,,,,,,,,
BSAR0299-R1,1,BSAR0299,graduation,outdoor,111,17,10.5,483000,adult,day,white,elegant,modern_minimal,three_tier_luxury,rustic_wood_setup,two_side_tables,,,,,,,,,,
BSAR0299-R2,2,BSAR0299,graduation,outdoor,111,17,10.5,483000,adult,day,white,elegant,modern_minimal,three_tier_luxury,rustic_wood_setup,two_side_tables,,,,,,,,,,
BSAR0325-R1,1,BSAR0325,anniversary,home,240,19.7,11.3,672000,adult,night,white,elegant,modern_minimal,three_tier_luxury,balloon_setup,two_side_tables,,,,,,,,,,
BSAR0325-R2,2,BSAR0325,anniversary,home,240,19.7,11.3,672000,adult,night,white,elegant,modern_minimal,three_tier_luxury,balloon_setup,two_side_tables,,,,,,,,,,
BSAR0338-R1,1,BSAR0338,wedding,outdoor,37,11.3,7,220000,mixed,day,white,minimal,modern_minimal,single_tier_square,flower_wall,cake_and_dessert_table,,,,,,,,,,
BSAR0338-R2,2,BSAR0338,wedding,outdoor,37,11.3,7,220000,mixed,day,white,minimal,modern_minimal,single_tier_square,flower_wall,cake_and_dessert_table,,,,,,,,,,
BSAR0352-R1,1,BSAR0352,birthday,restaurant,34,7.6,6.5,132000,teenager,night,white,minimal,modern_minimal,single_tier_square,flower_wall,cake_and_dessert_table,,,,,,,,,,
BSAR0352-R2,2,BSAR0352,birthday,restaurant,34,7.6,6.5,132000,teenager,night,white,minimal,modern_minimal,single_tier_square,flower_wall,cake_and_dessert_table,,,,,,,,,,
BSAR0372-R1,1,BSAR0372,baby_shower,outdoor,85,15.7,11.4,327000,adult,day,green,elegant,modern_minimal,two_tier_floral,flower_wall,two_side_tables,,,,,,,,,,
BSAR0372-R2,2,BSAR0372,baby_shower,outdoor,85,15.7,11.4,327000,adult,day,green,elegant,modern_minimal,two_tier_floral,flower_wall,two_side_tables,,,,,,,,,,
BSAR0388-R1,1,BSAR0388,anniversary,outdoor,28,8.5,7.1,118000,mixed,day,mixed,minimal,modern_minimal,single_tier_square,rustic_wood_setup,single_cake_table,,,,,,,,,,
BSAR0388-R2,2,BSAR0388,anniversary,outdoor,28,8.5,7.1,118000,mixed,day,mixed,minimal,modern_minimal,single_tier_square,rustic_wood_setup,single_cake_table,,,,,,,,,,
BSAR0392-R1,1,BSAR0392,birthday,home,108,11.7,8.4,397000,child,day,green,minimal,modern_minimal,two_tier_floral,flower_wall,two_side_tables,,,,,,,,,,
BSAR0392-R2,2,BSAR0392,birthday,home,108,11.7,8.4,397000,child,day,green,minimal,modern_minimal,two_tier_floral,flower_wall,two_side_tables,,,,,,,,,,
BSAR0452-R1,1,BSAR0452,graduation,home,21,6.3,4.9,122000,teenager,day,gold,minimal,modern_minimal,single_tier_square,flower_wall,single_cake_table,,,,,,,,,,
BSAR0452-R2,2,BSAR0452,graduation,home,21,6.3,4.9,122000,teenager,day,gold,minimal,modern_minimal,single_tier_square,flower_wall,single_cake_table,,,,,,,,,,
BSAR0456-R1,1,BSAR0456,anniversary,hall,59,11.2,9.4,111000,adult,day,green,minimal,modern_minimal,two_tier_round,balloon_setup,cake_and_dessert_table,,,,,,,,,,
BSAR0456-R2,2,BSAR0456,anniversary,hall,59,11.2,9.4,111000,adult,day,green,minimal,modern_minimal,two_tier_round,balloon_setup,cake_and_dessert_table,,,,,,,,,,
BSAR0458-R1,1,BSAR0458,graduation,restaurant,55,10.7,8.3,106000,teenager,day,blue,minimal,modern_minimal,two_tier_floral,minimal_backdrop,cake_and_dessert_table,,,,,,,,,,
BSAR0458-R2,2,BSAR0458,graduation,restaurant,55,10.7,8.3,106000,teenager,day,blue,minimal,modern_minimal,two_tier_floral,minimal_backdrop,cake_and_dessert_table,,,,,,,,,,
BSAR0524-R1,1,BSAR0524,baby_shower,hall,37,9,5.9,193000,adult,day,white,minimal,modern_minimal,two_tier_round,rustic_wood_setup,cake_and_dessert_table,,,,,,,,,,
BSAR0524-R2,2,BSAR0524,baby_shower,hall,37,9,5.9,193000,adult,day,white,minimal,modern_minimal,two_tier_round,rustic_wood_setup,cake_and_dessert_table,,,,,,,,,,
BSAR0533-R1,1,BSAR0533,anniversary,home,118,13.3,9.5,323000,adult,night,blue,minimal,modern_minimal,two_tier_floral,balloon_setup,two_side_tables,,,,,,,,,,
BSAR0533-R2,2,BSAR0533,anniversary,home,118,13.3,9.5,323000,adult,night,blue,minimal,modern_minimal,two_tier_floral,balloon_setup,two_side_tables,,,,,,,,,,
BSAR0549-R1,1,BSAR0549,anniversary,home,90,10.8,9.6,219000,mixed,day,white,elegant,modern_minimal,two_tier_floral,balloon_setup,two_side_tables,,,,,,,,,,
BSAR0549-R2,2,BSAR0549,anniversary,home,90,10.8,9.6,219000,mixed,day,white,elegant,modern_minimal,two_tier_floral,balloon_setup,two_side_tables,,,,,,,,,,
BSAR0018-R1,1,BSAR0018,wedding,hall,45,12.2,7.2,110000,adult,day,red,elegant,elegant_gold,two_tier_round,rustic_wood_setup,cake_and_dessert_table,,,,,,,,,,
BSAR0018-R2,2,BSAR0018,wedding,hall,45,12.2,7.2,110000,adult,day,red,elegant,elegant_gold,two_tier_round,rustic_wood_setup,cake_and_dessert_table,,,,,,,,,,
BSAR0022-R1,1,BSAR0022,graduation,outdoor,9,5.8,5,41000,adult,night,gold,elegant,elegant_gold,single_tier_round,rustic_wood_setup,single_cake_table,,,,,,,,,,
BSAR0022-R2,2,BSAR0022,graduation,outdoor,9,5.8,5,41000,adult,night,gold,elegant,elegant_gold,single_tier_round,rustic_wood_setup,single_cake_table,,,,,,,,,,
BSAR0046-R1,1,BSAR0046,graduation,hall,38,10.3,8.1,183000,teenager,night,white,elegant,elegant_gold,two_tier_round,flower_wall,cake_and_dessert_table,,,,,,,,,,
BSAR0046-R2,2,BSAR0046,graduation,hall,38,10.3,8.1,183000,teenager,night,white,elegant,elegant_gold,two_tier_round,flower_wall,cake_and_dessert_table,,,,,,,,,,
BSAR0049-R1,1,BSAR0049,anniversary,restaurant,250,19.9,15.6,2243000,adult,night,gold,elegant,elegant_gold,three_tier_luxury,luxury_stage,full_stage_setup,,,,,,,,,,
BSAR0049-R2,2,BSAR0049,anniversary,restaurant,250,19.9,15.6,2243000,adult,night,gold,elegant,elegant_gold,three_tier_luxury,luxury_stage,full_stage_setup,,,,,,,,,,
BSAR0055-R1,1,BSAR0055,baby_shower,hall,78,14.8,8.1,431000,adult,night,white,elegant,elegant_gold,two_tier_round,flower_wall,two_side_tables,,,,,,,,,,
BSAR0055-R2,2,BSAR0055,baby_shower,hall,78,14.8,8.1,431000,adult,night,white,elegant,elegant_gold,two_tier_round,flower_wall,two_side_tables,,,,,,,,,,
BSAR0102-R1,1,BSAR0102,wedding,outdoor,15,6.9,5.6,70000,mixed,night,purple,traditional,elegant_gold,single_tier_square,rustic_wood_setup,single_cake_table,,,,,,,,,,
BSAR0102-R2,2,BSAR0102,wedding,outdoor,15,6.9,5.6,70000,mixed,night,purple,traditional,elegant_gold,single_tier_square,rustic_wood_setup,single_cake_table,,,,,,,,,,
BSAR0141-R1,1,BSAR0141,wedding,home,200,15.1,10.7,765000,adult,night,purple,elegant,elegant_gold,three_tier_luxury,flower_wall,two_side_tables,,,,,,,,,,
BSAR0141-R2,2,BSAR0141,wedding,home,200,15.1,10.7,765000,adult,night,purple,elegant,elegant_gold,three_tier_luxury,flower_wall,two_side_tables,,,,,,,,,,
BSAR0155-R1,1,BSAR0155,wedding,home,250,20.1,12.4,675000,adult,night,gold,elegant,elegant_gold,three_tier_luxury,rustic_wood_setup,two_side_tables,,,,,,,,,,
BSAR0155-R2,2,BSAR0155,wedding,home,250,20.1,12.4,675000,adult,night,gold,elegant,elegant_gold,three_tier_luxury,rustic_wood_setup,two_side_tables,,,,,,,,,,
BSAR0171-R1,1,BSAR0171,anniversary,hall,10,5.8,4.6,25000,adult,night,white,traditional,elegant_gold,single_tier_round,minimal_backdrop,single_cake_table,,,,,,,,,,
BSAR0171-R2,2,BSAR0171,anniversary,hall,10,5.8,4.6,25000,adult,night,white,traditional,elegant_gold,single_tier_round,minimal_backdrop,single_cake_table,,,,,,,,,,
BSAR0199-R1,1,BSAR0199,baby_shower,restaurant,42,9.7,5.4,95000,adult,night,purple,minimal,elegant_gold,two_tier_round,minimal_backdrop,cake_and_dessert_table,,,,,,,,,,
BSAR0199-R2,2,BSAR0199,baby_shower,restaurant,42,9.7,5.4,95000,adult,night,purple,minimal,elegant_gold,two_tier_round,minimal_backdrop,cake_and_dessert_table,,,,,,,,,,
BSAR0206-R1,1,BSAR0206,birthday,outdoor,118,17.8,13.5,437000,child,night,mixed,elegant,elegant_gold,two_tier_floral,rustic_wood_setup,two_side_tables,,,,,,,,,,
BSAR0206-R2,2,BSAR0206,birthday,outdoor,118,17.8,13.5,437000,child,night,mixed,elegant,elegant_gold,two_tier_floral,rustic_wood_setup,two_side_tables,,,,,,,,,,
BSAR0219-R1,1,BSAR0219,baby_shower,home,13,7,4,48000,adult,night,white,minimal,elegant_gold,single_tier_round,balloon_setup,single_cake_table,,,,,,,,,,
BSAR0219-R2,2,BSAR0219,baby_shower,home,13,7,4,48000,adult,night,white,minimal,elegant_gold,single_tier_round,balloon_setup,single_cake_table,,,,,,,,,,
BSAR0271-R1,1,BSAR0271,anniversary,hall,19,8.3,5.6,36000,mixed,night,white,elegant,elegant_gold,single_tier_square,minimal_backdrop,single_cake_table,,,,,,,,,,
BSAR0271-R2,2,BSAR0271,anniversary,hall,19,8.3,5.6,36000,mixed,night,white,elegant,elegant_gold,single_tier_square,minimal_backdrop,single_cake_table,,,,,,,,,,
BSAR0293-R1,1,BSAR0293,wedding,home,69,11.7,6.4,116000,adult,night,gold,minimal,elegant_gold,two_tier_round,minimal_backdrop,cake_and_dessert_table,,,,,,,,,,
BSAR0293-R2,2,BSAR0293,wedding,home,69,11.7,6.4,116000,adult,night,gold,minimal,elegant_gold,two_tier_round,minimal_backdrop,cake_and_dessert_table,,,,,,,,,,
BSAR0300-R1,1,BSAR0300,birthday,hall,45,9.6,6.4,192000,child,night,gold,elegant,elegant_gold,two_tier_round,rustic_wood_setup,cake_and_dessert_table,,,,,,,,,,
BSAR0300-R2,2,BSAR0300,birthday,hall,45,9.6,6.4,192000,child,night,gold,elegant,elegant_gold,two_tier_round,rustic_wood_setup,cake_and_dessert_table,,,,,,,,,,
BSAR0302-R1,1,BSAR0302,wedding,outdoor,22,7.5,5.7,57000,adult,night,gold,elegant,elegant_gold,single_tier_square,balloon_setup,single_cake_table,,,,,,,,,,
BSAR0302-R2,2,BSAR0302,wedding,outdoor,22,7.5,5.7,57000,adult,night,gold,elegant,elegant_gold,single_tier_square,balloon_setup,single_cake_table,,,,,,,,,,
BSAR0321-R1,1,BSAR0321,anniversary,outdoor,222,27.3,15.5,520000,adult,day,gold,elegant,elegant_gold,three_tier_luxury,rustic_wood_setup,two_side_tables,,,,,,,,,,
BSAR0321-R2,2,BSAR0321,anniversary,outdoor,222,27.3,15.5,520000,adult,day,gold,elegant,elegant_gold,three_tier_luxury,rustic_wood_setup,two_side_tables,,,,,,,,,,
BSAR0326-R1,1,BSAR0326,anniversary,hall,100,15.7,11,974000,mixed,night,gold,traditional,elegant_gold,two_tier_floral,luxury_stage,full_stage_setup,,,,,,,,,,
BSAR0326-R2,2,BSAR0326,anniversary,hall,100,15.7,11,974000,mixed,night,gold,traditional,elegant_gold,two_tier_floral,luxury_stage,full_stage_setup,,,,,,,,,,
BSAR0331-R1,1,BSAR0331,anniversary,restaurant,13,6.2,4.6,245000,adult,night,gold,traditional,elegant_gold,single_tier_round,luxury_stage,full_stage_setup,,,,,,,,,,
BSAR0331-R2,2,BSAR0331,anniversary,restaurant,13,6.2,4.6,245000,adult,night,gold,traditional,elegant_gold,single_tier_round,luxury_stage,full_stage_setup,,,,,,,,,,
BSAR0334-R1,1,BSAR0334,wedding,home,20,6.2,4.4,129000,mixed,day,purple,elegant,elegant_gold,single_tier_square,flower_wall,single_cake_table,,,,,,,,,,
BSAR0334-R2,2,BSAR0334,wedding,home,20,6.2,4.4,129000,mixed,day,purple,elegant,elegant_gold,single_tier_square,flower_wall,single_cake_table,,,,,,,,,,
BSAR0007-R1,1,BSAR0007,birthday,restaurant,57,9.1,7.5,153000,child,day,green,rustic,rustic_natural,two_tier_round,minimal_backdrop,cake_and_dessert_table,,,,,,,,,,
BSAR0007-R2,2,BSAR0007,birthday,restaurant,57,9.1,7.5,153000,child,day,green,rustic,rustic_natural,two_tier_round,minimal_backdrop,cake_and_dessert_table,,,,,,,,,,
BSAR0016-R1,1,BSAR0016,baby_shower,hall,42,11.6,6.1,553000,mixed,day,green,rustic,rustic_natural,two_tier_round,luxury_stage,full_stage_setup,,,,,,,,,,
BSAR0016-R2,2,BSAR0016,baby_shower,hall,42,11.6,6.1,553000,mixed,day,green,rustic,rustic_natural,two_tier_round,luxury_stage,full_stage_setup,,,,,,,,,,
BSAR0030-R1,1,BSAR0030,baby_shower,hall,12,5.9,3.9,94000,mixed,day,white,minimal,rustic_natural,single_tier_round,flower_wall,single_cake_table,,,,,,,,,,
BSAR0030-R2,2,BSAR0030,baby_shower,hall,12,5.9,3.9,94000,mixed,day,white,minimal,rustic_natural,single_tier_round,flower_wall,single_cake_table,,,,,,,,,,
BSAR0047-R1,1,BSAR0047,baby_shower,hall,108,13.4,12,290000,mixed,day,white,rustic,rustic_natural,three_tier_luxury,balloon_setup,two_side_tables,,,,,,,,,,
BSAR0047-R2,2,BSAR0047,baby_shower,hall,108,13.4,12,290000,mixed,day,white,rustic,rustic_natural,three_tier_luxury,balloon_setup,two_side_tables,,,,,,,,,,
BSAR0050-R1,1,BSAR0050,birthday,restaurant,56,11.5,7.2,234000,child,night,green,rustic,rustic_natural,two_tier_floral,flower_wall,cake_and_dessert_table,,,,,,,,,,
BSAR0050-R2,2,BSAR0050,birthday,restaurant,56,11.5,7.2,234000,child,night,green,rustic,rustic_natural,two_tier_floral,flower_wall,cake_and_dessert_table,,,,,,,,,,
BSAR0064-R1,1,BSAR0064,wedding,hall,46,11.1,7,93000,mixed,day,white,rustic,rustic_natural,two_tier_floral,minimal_backdrop,cake_and_dessert_table,,,,,,,,,,
BSAR0064-R2,2,BSAR0064,wedding,hall,46,11.1,7,93000,mixed,day,white,rustic,rustic_natural,two_tier_floral,minimal_backdrop,cake_and_dessert_table,,,,,,,,,,
BSAR0066-R1,1,BSAR0066,wedding,hall,97,16.1,10.1,691000,mixed,night,gold,rustic,rustic_natural,two_tier_floral,luxury_stage,full_stage_setup,,,,,,,,,,
BSAR0066-R2,2,BSAR0066,wedding,hall,97,16.1,10.1,691000,mixed,night,gold,rustic,rustic_natural,two_tier_floral,luxury_stage,full_stage_setup,,,,,,,,,,
BSAR0077-R1,1,BSAR0077,anniversary,restaurant,16,5.4,3.8,202000,adult,day,green,rustic,rustic_natural,single_tier_round,luxury_stage,full_stage_setup,,,,,,,,,,
BSAR0077-R2,2,BSAR0077,anniversary,restaurant,16,5.4,3.8,202000,adult,day,green,rustic,rustic_natural,single_tier_round,luxury_stage,full_stage_setup,,,,,,,,,,
BSAR0090-R1,1,BSAR0090,wedding,hall,59,10.2,7.4,137000,adult,night,white,rustic,rustic_natural,two_tier_round,minimal_backdrop,cake_and_dessert_table,,,,,,,,,,
BSAR0090-R2,2,BSAR0090,wedding,hall,59,10.2,7.4,137000,adult,night,white,rustic,rustic_natural,two_tier_round,minimal_backdrop,cake_and_dessert_table,,,,,,,,,,
BSAR0112-R1,1,BSAR0112,birthday,outdoor,53,13.9,7.5,182000,mixed,day,green,rustic,rustic_natural,two_tier_floral,flower_wall,cake_and_dessert_table,,,,,,,,,,
BSAR0112-R2,2,BSAR0112,birthday,outdoor,53,13.9,7.5,182000,mixed,day,green,rustic,rustic_natural,two_tier_floral,flower_wall,cake_and_dessert_table,,,,,,,,,,
BSAR0114-R1,1,BSAR0114,baby_shower,home,72,9.6,7.2,223000,mixed,night,mixed,minimal,rustic_natural,two_tier_floral,balloon_setup,two_side_tables,,,,,,,,,,
BSAR0114-R2,2,BSAR0114,baby_shower,home,72,9.6,7.2,223000,mixed,night,mixed,minimal,rustic_natural,two_tier_floral,balloon_setup,two_side_tables,,,,,,,,,,
BSAR0121-R1,1,BSAR0121,birthday,home,142,16.4,9.5,473000,adult,day,green,rustic,rustic_natural,three_tier_luxury,balloon_setup,two_side_tables,,,,,,,,,,
BSAR0121-R2,2,BSAR0121,birthday,home,142,16.4,9.5,473000,adult,day,green,rustic,rustic_natural,three_tier_luxury,balloon_setup,two_side_tables,,,,,,,,,,
BSAR0134-R1,1,BSAR0134,wedding,home,9,5.7,4.6,35000,adult,night,mixed,rustic,rustic_natural,single_tier_round,minimal_backdrop,single_cake_table,,,,,,,,,,
BSAR0134-R2,2,BSAR0134,wedding,home,9,5.7,4.6,35000,adult,night,mixed,rustic,rustic_natural,single_tier_round,minimal_backdrop,single_cake_table,,,,,,,,,,
BSAR0146-R1,1,BSAR0146,wedding,restaurant,17,7.8,4.7,121000,adult,night,red,rustic,rustic_natural,single_tier_square,flower_wall,single_cake_table,,,,,,,,,,
BSAR0146-R2,2,BSAR0146,wedding,restaurant,17,7.8,4.7,121000,adult,night,red,rustic,rustic_natural,single_tier_square,flower_wall,single_cake_table,,,,,,,,,,
BSAR0170-R1,1,BSAR0170,graduation,hall,35,11.1,6.1,87000,teenager,day,green,minimal,rustic_natural,single_tier_square,minimal_backdrop,cake_and_dessert_table,,,,,,,,,,
BSAR0170-R2,2,BSAR0170,graduation,hall,35,11.1,6.1,87000,teenager,day,green,minimal,rustic_natural,single_tier_square,minimal_backdrop,cake_and_dessert_table,,,,,,,,,,
BSAR0183-R1,1,BSAR0183,baby_shower,hall,67,12,9.1,241000,mixed,night,mixed,elegant,rustic_natural,two_tier_round,rustic_wood_setup,cake_and_dessert_table,,,,,,,,,,
BSAR0183-R2,2,BSAR0183,baby_shower,hall,67,12,9.1,241000,mixed,night,mixed,elegant,rustic_natural,two_tier_round,rustic_wood_setup,cake_and_dessert_table,,,,,,,,,,
BSAR0196-R1,1,BSAR0196,baby_shower,restaurant,70,11.6,7.3,149000,adult,day,green,rustic,rustic_natural,two_tier_floral,minimal_backdrop,two_side_tables,,,,,,,,,,
BSAR0196-R2,2,BSAR0196,baby_shower,restaurant,70,11.6,7.3,149000,adult,day,green,rustic,rustic_natural,two_tier_floral,minimal_backdrop,two_side_tables,,,,,,,,,,
BSAR0318-R1,1,BSAR0318,birthday,home,20,6.6,4.9,115000,adult,day,white,rustic,rustic_natural,single_tier_square,flower_wall,single_cake_table,,,,,,,,,,
BSAR0318-R2,2,BSAR0318,birthday,home,20,6.6,4.9,115000,adult,day,white,rustic,rustic_natural,single_tier_square,flower_wall,single_cake_table,,,,,,,,,,
BSAR0322-R1,1,BSAR0322,wedding,outdoor,30,10.4,6.9,120000,adult,day,green,minimal,rustic_natural,single_tier_square,rustic_wood_setup,cake_and_dessert_table,,,,,,,,,,
BSAR0322-R2,2,BSAR0322,wedding,outdoor,30,10.4,6.9,120000,adult,day,green,minimal,rustic_natural,single_tier_square,rustic_wood_setup,cake_and_dessert_table,,,,,,,,,,
BSAR0355-R1,1,BSAR0355,wedding,hall,50,10.9,8.4,112000,mixed,night,white,rustic,rustic_natural,two_tier_round,minimal_backdrop,cake_and_dessert_table,,,,,,,,,,
BSAR0355-R2,2,BSAR0355,wedding,hall,50,10.9,8.4,112000,mixed,night,white,rustic,rustic_natural,two_tier_round,minimal_backdrop,cake_and_dessert_table,,,,,,,,,,
BSAR0142-R1,1,BSAR0142,graduation,restaurant,15,6.3,3.8,44000,mixed,night,red,colourful,colourful_cartoon,single_tier_square,minimal_backdrop,single_cake_table,,,,,,,,,,
BSAR0142-R2,2,BSAR0142,graduation,restaurant,15,6.3,3.8,44000,mixed,night,red,colourful,colourful_cartoon,single_tier_square,minimal_backdrop,single_cake_table,,,,,,,,,,
BSAR0149-R1,1,BSAR0149,birthday,outdoor,121,18.4,11.4,525000,adult,day,pink,colourful,colourful_cartoon,three_tier_luxury,rustic_wood_setup,two_side_tables,,,,,,,,,,
BSAR0149-R2,2,BSAR0149,birthday,outdoor,121,18.4,11.4,525000,adult,day,pink,colourful,colourful_cartoon,three_tier_luxury,rustic_wood_setup,two_side_tables,,,,,,,,,,
BSAR0173-R1,1,BSAR0173,birthday,hall,89,12.5,11,817000,teenager,day,mixed,minimal,colourful_cartoon,two_tier_round,luxury_stage,full_stage_setup,,,,,,,,,,
BSAR0173-R2,2,BSAR0173,birthday,hall,89,12.5,11,817000,teenager,day,mixed,minimal,colourful_cartoon,two_tier_round,luxury_stage,full_stage_setup,,,,,,,,,,
BSAR0177-R1,1,BSAR0177,graduation,home,16,6.7,3.6,99000,mixed,day,mixed,colourful,colourful_cartoon,single_tier_round,rustic_wood_setup,single_cake_table,,,,,,,,,,
BSAR0177-R2,2,BSAR0177,graduation,home,16,6.7,3.6,99000,mixed,day,mixed,colourful,colourful_cartoon,single_tier_round,rustic_wood_setup,single_cake_table,,,,,,,,,,
BSAR0245-R1,1,BSAR0245,birthday,restaurant,109,13.7,9.2,827000,teenager,night,mixed,colourful,colourful_cartoon,two_tier_floral,luxury_stage,full_stage_setup,,,,,,,,,,
BSAR0245-R2,2,BSAR0245,birthday,restaurant,109,13.7,9.2,827000,teenager,night,mixed,colourful,colourful_cartoon,two_tier_floral,luxury_stage,full_stage_setup,,,,,,,,,,
BSAR0254-R1,1,BSAR0254,anniversary,hall,185,21.4,11.3,371000,adult,day,mixed,colourful,colourful_cartoon,three_tier_luxury,minimal_backdrop,full_stage_setup,,,,,,,,,,
BSAR0254-R2,2,BSAR0254,anniversary,hall,185,21.4,11.3,371000,adult,day,mixed,colourful,colourful_cartoon,three_tier_luxury,minimal_backdrop,full_stage_setup,,,,,,,,,,
BSAR0295-R1,1,BSAR0295,anniversary,hall,215,25.4,15,990000,adult,night,mixed,colourful,colourful_cartoon,three_tier_luxury,flower_wall,full_stage_setup,,,,,,,,,,
BSAR0295-R2,2,BSAR0295,anniversary,hall,215,25.4,15,990000,adult,night,mixed,colourful,colourful_cartoon,three_tier_luxury,flower_wall,full_stage_setup,,,,,,,,,,
BSAR0358-R1,1,BSAR0358,birthday,hall,39,10,6.9,177000,child,night,red,colourful,colourful_cartoon,two_tier_round,flower_wall,cake_and_dessert_table,,,,,,,,,,
BSAR0358-R2,2,BSAR0358,birthday,hall,39,10,6.9,177000,child,night,red,colourful,colourful_cartoon,two_tier_round,flower_wall,cake_and_dessert_table,,,,,,,,,,
BSAR0397-R1,1,BSAR0397,anniversary,home,62,9.5,7.7,249000,mixed,day,pink,colourful,colourful_cartoon,two_tier_floral,flower_wall,cake_and_dessert_table,,,,,,,,,,
BSAR0397-R2,2,BSAR0397,anniversary,home,62,9.5,7.7,249000,mixed,day,pink,colourful,colourful_cartoon,two_tier_floral,flower_wall,cake_and_dessert_table,,,,,,,,,,
BSAR0401-R1,1,BSAR0401,birthday,hall,81,15.7,8.4,310000,teenager,night,green,colourful,colourful_cartoon,two_tier_floral,flower_wall,two_side_tables,,,,,,,,,,
BSAR0401-R2,2,BSAR0401,birthday,hall,81,15.7,8.4,310000,teenager,night,green,colourful,colourful_cartoon,two_tier_floral,flower_wall,two_side_tables,,,,,,,,,,
BSAR0423-R1,1,BSAR0423,birthday,hall,119,16.5,11.3,438000,child,day,blue,colourful,colourful_cartoon,two_tier_floral,flower_wall,full_stage_setup,,,,,,,,,,
BSAR0423-R2,2,BSAR0423,birthday,hall,119,16.5,11.3,438000,child,day,blue,colourful,colourful_cartoon,two_tier_floral,flower_wall,full_stage_setup,,,,,,,,,,
BSAR0427-R1,1,BSAR0427,birthday,hall,24,8.8,5.8,79000,child,day,pink,traditional,colourful_cartoon,single_tier_round,balloon_setup,single_cake_table,,,,,,,,,,
BSAR0427-R2,2,BSAR0427,birthday,hall,24,8.8,5.8,79000,child,day,pink,traditional,colourful_cartoon,single_tier_round,balloon_setup,single_cake_table,,,,,,,,,,
BSAR0482-R1,1,BSAR0482,birthday,hall,74,12.6,11.2,141000,teenager,day,mixed,colourful,colourful_cartoon,two_tier_round,minimal_backdrop,two_side_tables,,,,,,,,,,
BSAR0482-R2,2,BSAR0482,birthday,hall,74,12.6,11.2,141000,teenager,day,mixed,colourful,colourful_cartoon,two_tier_round,minimal_backdrop,two_side_tables,,,,,,,,,,
BSAR0492-R1,1,BSAR0492,baby_shower,home,84,10.3,8.4,219000,adult,day,pink,colourful,colourful_cartoon,two_tier_round,balloon_setup,two_side_tables,,,,,,,,,,
BSAR0492-R2,2,BSAR0492,baby_shower,home,84,10.3,8.4,219000,adult,day,pink,colourful,colourful_cartoon,two_tier_round,balloon_setup,two_side_tables,,,,,,,,,,
BSAR0499-R1,1,BSAR0499,birthday,hall,172,21.6,14.7,1110000,teenager,day,mixed,colourful,colourful_cartoon,three_tier_luxury,luxury_stage,full_stage_setup,,,,,,,,,,
BSAR0499-R2,2,BSAR0499,birthday,hall,172,21.6,14.7,1110000,teenager,day,mixed,colourful,colourful_cartoon,three_tier_luxury,luxury_stage,full_stage_setup,,,,,,,,,,
BSAR0501-R1,1,BSAR0501,anniversary,hall,131,15.8,12.9,691000,adult,day,mixed,minimal,colourful_cartoon,three_tier_luxury,luxury_stage,full_stage_setup,,,,,,,,,,
BSAR0501-R2,2,BSAR0501,anniversary,hall,131,15.8,12.9,691000,adult,day,mixed,minimal,colourful_cartoon,three_tier_luxury,luxury_stage,full_stage_setup,,,,,,,,,,
BSAR0523-R1,1,BSAR0523,birthday,hall,147,21.7,12.2,785000,adult,day,red,traditional,colourful_cartoon,three_tier_luxury,flower_wall,full_stage_setup,,,,,,,,,,
BSAR0523-R2,2,BSAR0523,birthday,hall,147,21.7,12.2,785000,adult,day,red,traditional,colourful_cartoon,three_tier_luxury,flower_wall,full_stage_setup,,,,,,,,,,
BSAR0536-R1,1,BSAR0536,baby_shower,hall,246,24.2,12.8,881000,adult,day,pink,colourful,colourful_cartoon,three_tier_luxury,rustic_wood_setup,full_stage_setup,,,,,,,,,,
BSAR0536-R2,2,BSAR0536,baby_shower,hall,246,24.2,12.8,881000,adult,day,pink,colourful,colourful_cartoon,three_tier_luxury,rustic_wood_setup,full_stage_setup,,,,,,,,,,
BSAR0578-R1,1,BSAR0578,birthday,outdoor,11,6.7,4.6,28000,teenager,day,green,colourful,colourful_cartoon,single_tier_round,minimal_backdrop,single_cake_table,,,,,,,,,,
BSAR0578-R2,2,BSAR0578,birthday,outdoor,11,6.7,4.6,28000,teenager,day,green,colourful,colourful_cartoon,single_tier_round,minimal_backdrop,single_cake_table,,,,,,,,,,
BSAR0579-R1,1,BSAR0579,graduation,restaurant,71,12.4,7,176000,mixed,day,mixed,colourful,colourful_cartoon,two_tier_floral,minimal_backdrop,two_side_tables,,,,,,,,,,
BSAR0579-R2,2,BSAR0579,graduation,restaurant,71,12.4,7,176000,mixed,day,mixed,colourful,colourful_cartoon,two_tier_floral,minimal_backdrop,two_side_tables,,,,,,,,,,
BSAR0072-R1,1,BSAR0072,anniversary,hall,22,6.2,5.3,81000,adult,day,gold,elegant,traditional_luxury,single_tier_square,balloon_setup,single_cake_table,,,,,,,,,,
BSAR0072-R2,2,BSAR0072,anniversary,hall,22,6.2,5.3,81000,adult,day,gold,elegant,traditional_luxury,single_tier_square,balloon_setup,single_cake_table,,,,,,,,,,
BSAR0115-R1,1,BSAR0115,anniversary,hall,22,8.8,5.6,138000,adult,night,purple,elegant,traditional_luxury,single_tier_round,flower_wall,single_cake_table,,,,,,,,,,
BSAR0115-R2,2,BSAR0115,anniversary,hall,22,8.8,5.6,138000,adult,night,purple,elegant,traditional_luxury,single_tier_round,flower_wall,single_cake_table,,,,,,,,,,
BSAR0116-R1,1,BSAR0116,birthday,outdoor,13,7.2,4.7,51000,child,night,gold,elegant,traditional_luxury,single_tier_round,balloon_setup,single_cake_table,,,,,,,,,,
BSAR0116-R2,2,BSAR0116,birthday,outdoor,13,7.2,4.7,51000,child,night,gold,elegant,traditional_luxury,single_tier_round,balloon_setup,single_cake_table,,,,,,,,,,
BSAR0124-R1,1,BSAR0124,graduation,hall,94,15,9.8,667000,teenager,night,gold,traditional,traditional_luxury,three_tier_luxury,luxury_stage,full_stage_setup,,,,,,,,,,
BSAR0124-R2,2,BSAR0124,graduation,hall,94,15,9.8,667000,teenager,night,gold,traditional,traditional_luxury,three_tier_luxury,luxury_stage,full_stage_setup,,,,,,,,,,
BSAR0126-R1,1,BSAR0126,graduation,home,71,10.2,7.9,239000,teenager,night,purple,traditional,traditional_luxury,two_tier_floral,rustic_wood_setup,two_side_tables,,,,,,,,,,
BSAR0126-R2,2,BSAR0126,graduation,home,71,10.2,7.9,239000,teenager,night,purple,traditional,traditional_luxury,two_tier_floral,rustic_wood_setup,two_side_tables,,,,,,,,,,
BSAR0159-R1,1,BSAR0159,wedding,home,32,8.5,4.8,142000,adult,night,purple,elegant,traditional_luxury,single_tier_square,rustic_wood_setup,cake_and_dessert_table,,,,,,,,,,
BSAR0159-R2,2,BSAR0159,wedding,home,32,8.5,4.8,142000,adult,night,purple,elegant,traditional_luxury,single_tier_square,rustic_wood_setup,cake_and_dessert_table,,,,,,,,,,
BSAR0167-R1,1,BSAR0167,anniversary,hall,163,20.9,11.8,1348000,adult,night,purple,traditional,traditional_luxury,three_tier_luxury,luxury_stage,full_stage_setup,,,,,,,,,,
BSAR0167-R2,2,BSAR0167,anniversary,hall,163,20.9,11.8,1348000,adult,night,purple,traditional,traditional_luxury,three_tier_luxury,luxury_stage,full_stage_setup,,,,,,,,,,
BSAR0172-R1,1,BSAR0172,wedding,hall,48,11.6,7.1,363000,mixed,day,gold,traditional,traditional_luxury,two_tier_floral,luxury_stage,full_stage_setup,,,,,,,,,,
BSAR0172-R2,2,BSAR0172,wedding,hall,48,11.6,7.1,363000,mixed,day,gold,traditional,traditional_luxury,two_tier_floral,luxury_stage,full_stage_setup,,,,,,,,,,
BSAR0182-R1,1,BSAR0182,birthday,hall,24,7.4,5.7,78000,child,day,gold,elegant,traditional_luxury,single_tier_round,rustic_wood_setup,single_cake_table,,,,,,,,,,
BSAR0182-R2,2,BSAR0182,birthday,hall,24,7.4,5.7,78000,child,day,gold,elegant,traditional_luxury,single_tier_round,rustic_wood_setup,single_cake_table,,,,,,,,,,
BSAR0195-R1,1,BSAR0195,wedding,outdoor,80,13.8,8.1,201000,adult,night,gold,elegant,traditional_luxury,two_tier_floral,rustic_wood_setup,two_side_tables,,,,,,,,,,
BSAR0195-R2,2,BSAR0195,wedding,outdoor,80,13.8,8.1,201000,adult,night,gold,elegant,traditional_luxury,two_tier_floral,rustic_wood_setup,two_side_tables,,,,,,,,,,
BSAR0203-R1,1,BSAR0203,wedding,home,11,4.5,3.7,43000,adult,day,green,traditional,traditional_luxury,single_tier_round,balloon_setup,single_cake_table,,,,,,,,,,
BSAR0203-R2,2,BSAR0203,wedding,home,11,4.5,3.7,43000,adult,day,green,traditional,traditional_luxury,single_tier_round,balloon_setup,single_cake_table,,,,,,,,,,
BSAR0262-R1,1,BSAR0262,wedding,hall,15,6.3,4.8,220000,mixed,night,gold,traditional,traditional_luxury,single_tier_round,luxury_stage,full_stage_setup,,,,,,,,,,
BSAR0262-R2,2,BSAR0262,wedding,hall,15,6.3,4.8,220000,mixed,night,gold,traditional,traditional_luxury,single_tier_round,luxury_stage,full_stage_setup,,,,,,,,,,
BSAR0303-R1,1,BSAR0303,wedding,hall,83,12.7,8.4,361000,mixed,day,red,traditional,traditional_luxury,two_tier_round,rustic_wood_setup,two_side_tables,,,,,,,,,,
BSAR0303-R2,2,BSAR0303,wedding,hall,83,12.7,8.4,361000,mixed,day,red,traditional,traditional_luxury,two_tier_round,rustic_wood_setup,two_side_tables,,,,,,,,,,
BSAR0310-R1,1,BSAR0310,anniversary,home,84,12.9,6.8,431000,adult,day,gold,traditional,traditional_luxury,two_tier_floral,flower_wall,two_side_tables,,,,,,,,,,
BSAR0310-R2,2,BSAR0310,anniversary,home,84,12.9,6.8,431000,adult,day,gold,traditional,traditional_luxury,two_tier_floral,flower_wall,two_side_tables,,,,,,,,,,
BSAR0337-R1,1,BSAR0337,birthday,restaurant,203,23.6,12.9,424000,adult,day,gold,traditional,traditional_luxury,three_tier_luxury,balloon_setup,two_side_tables,,,,,,,,,,
BSAR0337-R2,2,BSAR0337,birthday,restaurant,203,23.6,12.9,424000,adult,day,gold,traditional,traditional_luxury,three_tier_luxury,balloon_setup,two_side_tables,,,,,,,,,,
BSAR0403-R1,1,BSAR0403,baby_shower,hall,16,6.5,3.8,45000,adult,night,gold,traditional,traditional_luxury,single_tier_round,minimal_backdrop,single_cake_table,,,,,,,,,,
BSAR0403-R2,2,BSAR0403,baby_shower,hall,16,6.5,3.8,45000,adult,night,gold,traditional,traditional_luxury,single_tier_round,minimal_backdrop,single_cake_table,,,,,,,,,,
BSAR0420-R1,1,BSAR0420,baby_shower,hall,209,20.9,14,529000,adult,day,gold,traditional,traditional_luxury,three_tier_luxury,rustic_wood_setup,full_stage_setup,,,,,,,,,,
BSAR0420-R2,2,BSAR0420,baby_shower,hall,209,20.9,14,529000,adult,day,gold,traditional,traditional_luxury,three_tier_luxury,rustic_wood_setup,full_stage_setup,,,,,,,,,,
BSAR0483-R1,1,BSAR0483,wedding,restaurant,121,17.7,9.7,261000,mixed,day,gold,elegant,traditional_luxury,three_tier_luxury,minimal_backdrop,two_side_tables,,,,,,,,,,
BSAR0483-R2,2,BSAR0483,wedding,restaurant,121,17.7,9.7,261000,mixed,day,gold,elegant,traditional_luxury,three_tier_luxury,minimal_backdrop,two_side_tables,,,,,,,,,,
BSAR0511-R1,1,BSAR0511,wedding,outdoor,45,12.6,7.8,252000,adult,night,gold,elegant,traditional_luxury,two_tier_round,flower_wall,cake_and_dessert_table,,,,,,,,,,
BSAR0511-R2,2,BSAR0511,wedding,outdoor,45,12.6,7.8,252000,adult,night,gold,elegant,traditional_luxury,two_tier_round,flower_wall,cake_and_dessert_table,,,,,,,,,,
BSAR0553-R1,1,BSAR0553,wedding,hall,31,10.6,5.6,77000,adult,night,red,traditional,traditional_luxury,single_tier_square,balloon_setup,cake_and_dessert_table,,,,,,,,,,
BSAR0553-R2,2,BSAR0553,wedding,hall,31,10.6,5.6,77000,adult,night,red,traditional,traditional_luxury,single_tier_square,balloon_setup,cake_and_dessert_table,,,,,,,,,,
