candidate_id,commons_page_id,title,source_category,source_page_url,original_url,download_url,license,license_url,creator,credit,attribution_required,modifications,image_path,image_sha256,perceptual_hash,pixel_width,pixel_height,visual_venue_review,visual_people_review,rights_review,selection_status,review_notes
commons-venue-0001,189047593,File:Banquet Hall Thorbjørnrud Hotell.jpg,Banquet halls,https://commons.wikimedia.org/wiki/File:Banquet_Hall_Thorbj%C3%B8rnrud_Hotell.jpg,https://upload.wikimedia.org/wikipedia/commons/6/66/Banquet_Hall_Thorbj%C3%B8rnrud_Hotell.jpg?utm_source=commons.wikimedia.org&utm_campaign=imageinfo&utm_content=original,https://upload.wikimedia.org/wikipedia/commons/thumb/6/66/Banquet_Hall_Thorbj%C3%B8rnrud_Hotell.jpg/480px-Banquet_Hall_Thorbj%C3%B8rnrud_Hotell.jpg?utm_source=commons.wikimedia.org&utm_campaign=imageinfo&utm_content=thumbnail,CC BY 4.0,https://creativecommons.org/licenses/by/4.0,JLunder96,Own work,true,resized to maximum 640 px; converted to RGB JPEG; EXIF removed,../raw/real_v2/images/commons-venue-0001.jpg,4947efb2560c44d0863e4a15f025a2c5ba2fef77b57459c15834d67546bc2eae,a6797d6d3999d64b,640,427,pending,pending,metadata_screen_passed_manual_review_pending,candidate_not_for_training,
commons-venue-0002,194462438,"File:1946-07-01 Hotel Edison Green Room bar, ball room, dining room, chamber A.jpg",Ballrooms,"https://commons.wikimedia.org/wiki/File:1946-07-01_Hotel_Edison_Green_Room_bar,_ball_room,_dining_room,_chamber_A.jpg",https://upload.wikimedia.org/wikipedia/commons/8/89/1946-07-01_Hotel_Edison_Green_Room_bar%2C_ball_room%2C_dining_room%2C_chamber_A.jpg?utm_source=commons.wikimedia.org&utm_campaign=imageinfo&utm_content=original,https://upload.wikimedia.org/wikipedia/commons/thumb/8/89/1946-07-01_Hotel_Edison_Green_Room_bar%2C_ball_room%2C_dining_room%2C_chamber_A.jpg/480px-1946-07-01_Hotel_Edison_Green_Room_bar%2C_ball_room%2C_dining_room%2C_chamber_A.jpg?utm_source=commons.wikimedia.org&utm_campaign=imageinfo&utm_content=thumbnail,Public domain,,Unknown author Unknown author,Personal postcard collection,false,resized to maximum 640 px; converted to RGB JPEG; EXIF removed,../raw/real_v2/images/commons-venue-0002.jpg,cc6c082e8fff01cc074bcf1c8aef9226fb2b232f8827a09b39c27e5505a75e98,71351788696c6b73,640,411,pending,pending,metadata_screen_passed_manual_review_pending,candidate_not_for_training,
commons-venue-0003,33408393,"File:""Grosser Kurfurst,"" dining room, first class, North German Lloyd, Royal Mail Steamers-LCCN2002720838.jpg",Dining rooms,"https://commons.wikimedia.org/wiki/File:%22Grosser_Kurfurst,%22_dining_room,_first_class,_North_German_Lloyd,_Royal_Mail_Steamers-LCCN2002720838.jpg",https://upload.wikimedia.org/wikipedia/commons/7/75/%22Grosser_Kurfurst%2C%22_dining_room%2C_first_class%2C_North_German_Lloyd%2C_Royal_Mail_Steamers-LCCN2002720838.jpg?utm_source=commons.wikimedia.org&utm_campaign=imageinfo&utm_content=original,https://upload.wikimedia.org/wikipedia/commons/thumb/7/75/%22Grosser_Kurfurst%2C%22_dining_room%2C_first_class%2C_North_German_Lloyd%2C_Royal_Mail_Steamers-LCCN2002720838.jpg/480px-%22Grosser_Kurfurst%2C%22_dining_room%2C_first_class%2C_North_German_Lloyd%2C_Royal_Mail_Steamers-LCCN2002720838.jpg?utm_source=commons.wikimedia.org&utm_campaign=imageinfo&utm_content=thumbnail,Public domain,,Unknown,Library of Congress Catalog: http://lccn.loc.gov/2002720838,false,resized to maximum 640 px; converted to RGB JPEG; EXIF removed,../raw/real_v2/images/commons-venue-0003.jpg,acd1d07fa1fb4ecb4d3d56cee54679270732d4bd3aa43b7cdf44fefcea89b82a,7929697d2d686979,640,481,pending,pending,metadata_screen_passed_manual_review_pending,candidate_not_for_training,
commons-venue-0004,480554,"File:A Norse Interior, Shewing French Influence.jpg",Living rooms,"https://commons.wikimedia.org/wiki/File:A_Norse_Interior,_Shewing_French_Influence.jpg",https://upload.wikimedia.org/wikipedia/commons/b/b8/A_Norse_Interior%2C_Shewing_French_Influence.jpg?utm_source=commons.wikimedia.org&utm_campaign=imageinfo&utm_content=original,https://upload.wikimedia.org/wikipedia/commons/b/b8/A_Norse_Interior%2C_Shewing_French_Influence.jpg?utm_source=commons.wikimedia.org&utm_campaign=imageinfo&utm_content=thumbnail_unscaled,Public domain,,Frederick Litchfield,http://www.gutenberg.org/etext/12254,false,resized to maximum 640 px; converted to RGB JPEG; EXIF removed,../raw/real_v2/images/commons-venue-0004.jpg,9d707c26a4844a5a713117e6c820c7bc100b550c0a29cfd0b1115ca37c9c0890,0f0dcb709693931f,640,481,pending,pending,metadata_screen_passed_manual_review_pending,candidate_not_for_training,
commons-venue-0005,33633858,File:Gfp-room-with-chairs.jpg,Reception rooms,https://commons.wikimedia.org/wiki/File:Gfp-room-with-chairs.jpg,https://upload.wikimedia.org/wikipedia/commons/5/55/Gfp-room-with-chairs.jpg?utm_source=commons.wikimedia.org&utm_campaign=imageinfo&utm_content=original,https://upload.wikimedia.org/wikipedia/commons/thumb/5/55/Gfp-room-with-chairs.jpg/480px-Gfp-room-with-chairs.jpg?utm_source=commons.wikimedia.org&utm_campaign=imageinfo&utm_content=thumbnail,Public Domain,https://web.archive.org/web/20230926203737/https://creativecommons.org/licenses/publicdomain/,Yinan Chen,"www.goodfreephotos.com ( gallery , image )",false,resized to maximum 640 px; converted to RGB JPEG; EXIF removed,../raw/real_v2/images/commons-venue-0005.jpg,c3145997b847e369cba3e30b2291592450449c375d9048af68d873acd7b6b80c,9632cded54a9541b,640,424,pending,pending,metadata_screen_passed_manual_review_pending,candidate_not_for_training,
commons-venue-0006,153976335,"File:Function Room, The Downs Club, 2020.jpg",Function rooms,"https://commons.wikimedia.org/wiki/File:Function_Room,_The_Downs_Club,_2020.jpg",https://upload.wikimedia.org/wikipedia/commons/2/28/Function_Room%2C_The_Downs_Club%2C_2020.jpg?utm_source=commons.wikimedia.org&utm_campaign=imageinfo&utm_content=original,https://upload.wikimedia.org/wikipedia/commons/2/28/Function_Room%2C_The_Downs_Club%2C_2020.jpg?utm_source=commons.wikimedia.org&utm_campaign=imageinfo&utm_content=thumbnail_unscaled,CC BY 4.0,https://creativecommons.org/licenses/by/4.0,"Heritage branch staff, Queensland Government","The Downs Club, Queensland Heritage Register https://apps.des.qld.gov.au/heritage-register/detail/?id=650257",true,resized to maximum 640 px; converted to RGB JPEG; EXIF removed,../raw/real_v2/images/commons-venue-0006.jpg,511b94d16b8fa1f639a1a7f339694a7e4a47bda73a94f214dfb4c116923e3f49,f8e0e4f8b4dcf0f2,640,480,pending,pending,metadata_screen_passed_manual_review_pending,candidate_not_for_training,
commons-venue-0007,54559672,File:ANAインターコンチネンタル万座ビーチリゾート - panoramio.jpg,Wedding venues,https://commons.wikimedia.org/wiki/File:ANA%E3%82%A4%E3%83%B3%E3%82%BF%E3%83%BC%E3%82%B3%E3%83%B3%E3%83%81%E3%83%8D%E3%83%B3%E3%82%BF%E3%83%AB%E4%B8%87%E5%BA%A7%E3%83%93%E3%83%BC%E3%83%81%E3%83%AA%E3%82%BE%E3%83%BC%E3%83%88_-_panoramio.jpg,https://upload.wikimedia.org/wikipedia/commons/3/31/ANA%E3%82%A4%E3%83%B3%E3%82%BF%E3%83%BC%E3%82%B3%E3%83%B3%E3%83%81%E3%83%8D%E3%83%B3%E3%82%BF%E3%83%AB%E4%B8%87%E5%BA%A7%E3%83%93%E3%83%BC%E3%83%81%E3%83%AA%E3%82%BE%E3%83%BC%E3%83%88_-_panoramio.jpg?utm_source=commons.wikimedia.org&utm_campaign=imageinfo&utm_content=original,https://upload.wikimedia.org/wikipedia/commons/thumb/3/31/ANA%E3%82%A4%E3%83%B3%E3%82%BF%E3%83%BC%E3%82%B3%E3%83%B3%E3%83%81%E3%83%8D%E3%83%B3%E3%82%BF%E3%83%AB%E4%B8%87%E5%BA%A7%E3%83%93%E3%83%BC%E3%83%81%E3%83%AA%E3%82%BE%E3%83%BC%E3%83%88_-_panoramio.jpg/480px-ANA%E3%82%A4%E3%83%B3%E3%82%BF%E3%83%BC%E3%82%B3%E3%83%B3%E3%83%81%E3%83%8D%E3%83%B3%E3%82%BF%E3%83%AB%E4%B8%87%E5%BA%A7%E3%83%93%E3%83%BC%E3%83%81%E3%83%AA%E3%82%BE%E3%83%BC%E3%83%88_-_panoramio.jpg?utm_source=commons.wikimedia.org&utm_campaign=imageinfo&utm_content=thumbnail,CC BY 3.0,https://creativecommons.org/licenses/by/3.0,funk bass,https://web.archive.org/web/20161024104118/http://www.panoramio.com/photo/70479446,true,resized to maximum 640 px; converted to RGB JPEG; EXIF removed,../raw/real_v2/images/commons-venue-0007.jpg,c3e28abce5a3533ee99e46db67874d4c6e7847ab39da06acd5ff870dc4480b0b,d8c9c33398078707,640,361,pending,pending,metadata_screen_passed_manual_review_pending,candidate_not_for_training,
commons-venue-0008,178916175,File:Blue Hill interior.jpg,Event venues,https://commons.wikimedia.org/wiki/File:Blue_Hill_interior.jpg,https://upload.wikimedia.org/wikipedia/commons/c/c8/Blue_Hill_interior.jpg?utm_source=commons.wikimedia.org&utm_campaign=imageinfo&utm_content=original,https://upload.wikimedia.org/wikipedia/commons/thumb/c/c8/Blue_Hill_interior.jpg/480px-Blue_Hill_interior.jpg?utm_source=commons.wikimedia.org&utm_campaign=imageinfo&utm_content=thumbnail,CC BY 4.0,https://creativecommons.org/licenses/by/4.0,Bridgetwiki,Own work,true,resized to maximum 640 px; converted to RGB JPEG; EXIF removed,../raw/real_v2/images/commons-venue-0008.jpg,bf6cc57817612a4b62243754f206a4948f5d25d87d9d6c3a32b6dc25407902e3,ac6c6c4c32a41169,640,480,pending,pending,metadata_screen_passed_manual_review_pending,candidate_not_for_training,
commons-venue-0009,39309316,File:Bucharest - Athenee Palace Hilton lobby 01.jpg,Hotel lobbies,https://commons.wikimedia.org/wiki/File:Bucharest_-_Athenee_Palace_Hilton_lobby_01.jpg,https://upload.wikimedia.org/wikipedia/commons/4/49/Bucharest_-_Athenee_Palace_Hilton_lobby_01.jpg?utm_source=commons.wikimedia.org&utm_campaign=imageinfo&utm_content=original,https://upload.wikimedia.org/wikipedia/commons/thumb/4/49/Bucharest_-_Athenee_Palace_Hilton_lobby_01.jpg/480px-Bucharest_-_Athenee_Palace_Hilton_lobby_01.jpg?utm_source=commons.wikimedia.org&utm_campaign=imageinfo&utm_content=thumbnail,CC BY 3.0,https://creativecommons.org/licenses/by/3.0,Joe Mabel,Photo by Joe Mabel,true,resized to maximum 640 px; converted to RGB JPEG; EXIF removed,../raw/real_v2/images/commons-venue-0009.jpg,41d4313ba9d3f9ae67b0375e1028d09b72af0298fff32cf67050d1bdec04e8b5,f0f171f1f4f2f0b0,640,425,pending,pending,metadata_screen_passed_manual_review_pending,candidate_not_for_training,
commons-venue-0010,7334677,File:2009-0620-Athens.jpg,Community halls,https://commons.wikimedia.org/wiki/File:2009-0620-Athens.jpg,https://upload.wikimedia.org/wikipedia/commons/6/68/2009-0620-Athens.jpg?utm_source=commons.wikimedia.org&utm_campaign=imageinfo&utm_content=original,https://upload.wikimedia.org/wikipedia/commons/thumb/6/68/2009-0620-Athens.jpg/480px-2009-0620-Athens.jpg?utm_source=commons.wikimedia.org&utm_campaign=imageinfo&utm_content=thumbnail,CC BY 3.0,https://creativecommons.org/licenses/by/3.0,Bobak Ha'Eri,Own work,true,resized to maximum 640 px; converted to RGB JPEG; EXIF removed,../raw/real_v2/images/commons-venue-0010.jpg,590524713d24ef2495e52c668bc09357de165e911732f0af28adb92c2a147715,dcf37a49cbc3bf3e,640,341,pending,pending,metadata_screen_passed_manual_review_pending,candidate_not_for_training,
commons-venue-0011,65361903,File:196 Pope's meeting room.jpg,Meeting rooms,https://commons.wikimedia.org/wiki/File:196_Pope%27s_meeting_room.jpg,https://upload.wikimedia.org/wikipedia/commons/f/f7/196_Pope%27s_meeting_room.jpg?utm_source=commons.wikimedia.org&utm_campaign=imageinfo&utm_content=original,https://upload.wikimedia.org/wikipedia/commons/thumb/f/f7/196_Pope%27s_meeting_room.jpg/500px-196_Pope%27s_meeting_room.jpg?utm_source=commons.wikimedia.org&utm_campaign=imageinfo&utm_content=thumbnail,Public domain,,Czaich Á. Gilbert és Fráter Aladár . Budapest 1907,book: Pius X. pápa. Pius pápa életének és uralkodásának története napjainkig. Budapest 1907,false,resized to maximum 640 px; converted to RGB JPEG; EXIF removed,../raw/real_v2/images/commons-venue-0011.jpg,1968256cad8b3c5ce0f1c70329ea54c638cc908238b6bacd1be90252b775ca01,4ce0121656973333,500,408,pending,pending,metadata_screen_passed_manual_review_pending,candidate_not_for_training,
commons-venue-0012,20433353,File:2012-06-Stasimuseum Berlin Tagungsraum 01 anagoria.JPG,Conference rooms,https://commons.wikimedia.org/wiki/File:2012-06-Stasimuseum_Berlin_Tagungsraum_01_anagoria.JPG,https://upload.wikimedia.org/wikipedia/commons/4/4e/2012-06-Stasimuseum_Berlin_Tagungsraum_01_anagoria.JPG?utm_source=commons.wikimedia.org&utm_campaign=imageinfo&utm_content=original,https://upload.wikimedia.org/wikipedia/commons/thumb/4/4e/2012-06-Stasimuseum_Berlin_Tagungsraum_01_anagoria.JPG/500px-2012-06-Stasimuseum_Berlin_Tagungsraum_01_anagoria.JPG?utm_source=commons.wikimedia.org&utm_campaign=imageinfo&utm_content=thumbnail,CC BY 3.0,https://creativecommons.org/licenses/by/3.0,Anagoria,Own work,true,resized to maximum 640 px; converted to RGB JPEG; EXIF removed,../raw/real_v2/images/commons-venue-0012.jpg,7307d52b72ff96d045ec525ee072470bc3080ba5a7fe87caf5cd6009616b4391,00071394cc498180,500,333,pending,pending,metadata_screen_passed_manual_review_pending,candidate_not_for_training,
commons-venue-0013,178332446,File:'t Aygems Cafeetje - binnen (Q134888692).jpg,Interiors of restaurants,https://commons.wikimedia.org/wiki/File:%27t_Aygems_Cafeetje_-_binnen_(Q134888692).jpg,https://upload.wikimedia.org/wikipedia/commons/c/c0/%27t_Aygems_Cafeetje_-_binnen_%28Q134888692%29.jpg?utm_source=commons.wikimedia.org&utm_campaign=imageinfo&utm_content=original,https://upload.wikimedia.org/wikipedia/commons/thumb/c/c0/%27t_Aygems_Cafeetje_-_binnen_%28Q134888692%29.jpg/500px-%27t_Aygems_Cafeetje_-_binnen_%28Q134888692%29.jpg?utm_source=commons.wikimedia.org&utm_campaign=imageinfo&utm_content=thumbnail,CC BY 4.0,https://creativecommons.org/licenses/by/4.0,JanV1962,Own work,true,resized to maximum 640 px; converted to RGB JPEG; EXIF removed,../raw/real_v2/images/commons-venue-0013.jpg,3206ea7250ffcb36c398c2c78785a86b3d0a3f6c1af8c34580b03ff6e6c83505,8bc3ccada9b971f9,500,333,pending,pending,metadata_screen_passed_manual_review_pending,candidate_not_for_training,
commons-venue-0014,150956585,File:1934-02 OBRAS 07.jpg,Assembly halls,https://commons.wikimedia.org/wiki/File:1934-02_OBRAS_07.jpg,https://upload.wikimedia.org/wikipedia/commons/0/03/1934-02_OBRAS_07.jpg?utm_source=commons.wikimedia.org&utm_campaign=imageinfo&utm_content=original,https://upload.wikimedia.org/wikipedia/commons/thumb/0/03/1934-02_OBRAS_07.jpg/500px-1934-02_OBRAS_07.jpg?utm_source=commons.wikimedia.org&utm_campaign=imageinfo&utm_content=thumbnail,Public domain,,Unknown author Unknown author,Obras. Revista de la construcción,false,resized to maximum 640 px; converted to RGB JPEG; EXIF removed,../raw/real_v2/images/commons-venue-0014.jpg,e4428143fc2e2cc26a2714cc0ce4c45da2283af2428a5ede25acba8095c3e876,60fc5c58581e7040,500,322,pending,pending,metadata_screen_passed_manual_review_pending,candidate_not_for_training,
commons-venue-0015,2485431,File:Bedlewo institute.JPG,Convention centers,https://commons.wikimedia.org/wiki/File:Bedlewo_institute.JPG,https://upload.wikimedia.org/wikipedia/commons/f/ff/Bedlewo_institute.JPG?utm_source=commons.wikimedia.org&utm_campaign=imageinfo&utm_content=original,https://upload.wikimedia.org/wikipedia/commons/thumb/f/ff/Bedlewo_institute.JPG/500px-Bedlewo_institute.JPG?utm_source=commons.wikimedia.org&utm_campaign=imageinfo&utm_content=thumbnail,Public domain,,Staecker,Own work,false,resized to maximum 640 px; converted to RGB JPEG; EXIF removed,../raw/real_v2/images/commons-venue-0015.jpg,c92e37d63b85585817c573a96d1569ddc3cebbca46cae38638799f0d12c7d5d5,e1491baeeef2b93a,500,375,pending,pending,metadata_screen_passed_manual_review_pending,candidate_not_for_training,
commons-venue-0016,16773060,File:AKB48 theater interior.jpg,Foyers,https://commons.wikimedia.org/wiki/File:AKB48_theater_interior.jpg,https://upload.wikimedia.org/wikipedia/commons/2/2a/AKB48_theater_interior.jpg?utm_source=commons.wikimedia.org&utm_campaign=imageinfo&utm_content=original,https://upload.wikimedia.org/wikipedia/commons/thumb/2/2a/AKB48_theater_interior.jpg/500px-AKB48_theater_interior.jpg?utm_source=commons.wikimedia.org&utm_campaign=imageinfo&utm_content=thumbnail,CC BY 2.0,https://creativecommons.org/licenses/by/2.0,"Karl Baron from Malmö, Sweden",天国,true,resized to maximum 640 px; converted to RGB JPEG; EXIF removed,../raw/real_v2/images/commons-venue-0016.jpg,30903d39526576c3b52c3d21a47834b583cf2feaaf20d602662e56ff6b428d21,c3e46db0e5e4e490,500,375,pending,pending,metadata_screen_passed_manual_review_pending,candidate_not_for_training,
commons-venue-0017,3260299,File:Expodroom.jpg,Exhibition halls,https://commons.wikimedia.org/wiki/File:Expodroom.jpg,https://upload.wikimedia.org/wikipedia/commons/8/81/Expodroom.jpg?utm_source=commons.wikimedia.org&utm_campaign=imageinfo&utm_content=original,https://upload.wikimedia.org/wikipedia/commons/thumb/8/81/Expodroom.jpg/500px-Expodroom.jpg?utm_source=commons.wikimedia.org&utm_campaign=imageinfo&utm_content=thumbnail,CC BY 2.0 be,https://creativecommons.org/licenses/by/2.0/be/deed.en,TTI nv,The original uploader was SuzyMalter at Dutch Wikipedia .,true,resized to maximum 640 px; converted to RGB JPEG; EXIF removed,../raw/real_v2/images/commons-venue-0017.jpg,eb4818769bc8fbf3a0f943163b918dfbbd7a3f61992a521a56efbe28acdb5502,f1ff3f3f2e0e6ce0,480,640,pending,pending,metadata_screen_passed_manual_review_pending,candidate_not_for_training,
commons-venue-0018,194864505,"File:Banquet room, Hotel Grand Palace, Iidabashi, Tokyo - Nov 11, 2011.jpg",Banquet halls,"https://commons.wikimedia.org/wiki/File:Banquet_room,_Hotel_Grand_Palace,_Iidabashi,_Tokyo_-_Nov_11,_2011.jpg",https://upload.wikimedia.org/wikipedia/commons/6/6c/Banquet_room%2C_Hotel_Grand_Palace%2C_Iidabashi%2C_Tokyo_-_Nov_11%2C_2011.jpg?utm_source=commons.wikimedia.org&utm_campaign=imageinfo&utm_content=original,https://upload.wikimedia.org/wikipedia/commons/thumb/6/6c/Banquet_room%2C_Hotel_Grand_Palace%2C_Iidabashi%2C_Tokyo_-_Nov_11%2C_2011.jpg/480px-Banquet_room%2C_Hotel_Grand_Palace%2C_Iidabashi%2C_Tokyo_-_Nov_11%2C_2011.jpg?utm_source=commons.wikimedia.org&utm_campaign=imageinfo&utm_content=thumbnail,CC BY 2.0,https://creativecommons.org/licenses/by/2.0,Kazuhisa OTSUBO,https://www.flickr.com/photos/cytech/6333503157/,true,resized to maximum 640 px; converted to RGB JPEG; EXIF removed,../raw/real_v2/images/commons-venue-0018.jpg,e474da34d1cd96a00cc6a0d417d7e790dbf40dacf39a72905c25ec58c07fdcf2,a9d9d8eb98d8b4e3,640,360,pending,pending,metadata_screen_passed_manual_review_pending,candidate_not_for_training,
commons-venue-0019,480567,File:A Sixteenth Century Room.jpg,Living rooms,https://commons.wikimedia.org/wiki/File:A_Sixteenth_Century_Room.jpg,https://upload.wikimedia.org/wikipedia/commons/6/63/A_Sixteenth_Century_Room.jpg?utm_source=commons.wikimedia.org&utm_campaign=imageinfo&utm_content=original,https://upload.wikimedia.org/wikipedia/commons/6/63/A_Sixteenth_Century_Room.jpg?utm_source=commons.wikimedia.org&utm_campaign=imageinfo&utm_content=thumbnail_unscaled,Public domain,,Unknown,Wikimedia Commons,false,resized to maximum 640 px; converted to RGB JPEG; EXIF removed,../raw/real_v2/images/commons-venue-0019.jpg,649358b3c01dfa316e052ad64a1707fdd3683766b7859051183446051a750d64,dcb9b08ae0e1e0f0,640,552,pending,pending,metadata_screen_passed_manual_review_pending,candidate_not_for_training,
commons-venue-0020,86480107,File:Emergenza coronavirus (49468823973).jpg,Meeting rooms,https://commons.wikimedia.org/wiki/File:Emergenza_coronavirus_(49468823973).jpg,https://upload.wikimedia.org/wikipedia/commons/b/bf/Emergenza_coronavirus_%2849468823973%29.jpg?utm_source=commons.wikimedia.org&utm_campaign=imageinfo&utm_content=original,https://upload.wikimedia.org/wikipedia/commons/thumb/b/bf/Emergenza_coronavirus_%2849468823973%29.jpg/500px-Emergenza_coronavirus_%2849468823973%29.jpg?utm_source=commons.wikimedia.org&utm_campaign=imageinfo&utm_content=thumbnail,CC BY 2.0,https://creativecommons.org/licenses/by/2.0,Dipartimento Protezione Civile from Italia,Emergenza coronavirus,true,resized to maximum 640 px; converted to RGB JPEG; EXIF removed,../raw/real_v2/images/commons-venue-0020.jpg,c59c8a0399d5159c0ada64b18e4cf09ef21ff63b8623c05575db68386c2a1da1,15eba8b03370b961,500,333,pending,pending,metadata_screen_passed_manual_review_pending,candidate_not_for_training,
commons-venue-0021,19971991,File:2012-0609-ParkInn-SkylightRoom.jpg,Conference rooms,https://commons.wikimedia.org/wiki/File:2012-0609-ParkInn-SkylightRoom.jpg,https://upload.wikimedia.org/wikipedia/commons/d/de/2012-0609-ParkInn-SkylightRoom.jpg?utm_source=commons.wikimedia.org&utm_campaign=imageinfo&utm_content=original,https://upload.wikimedia.org/wikipedia/commons/thumb/d/de/2012-0609-ParkInn-SkylightRoom.jpg/500px-2012-0609-ParkInn-SkylightRoom.jpg?utm_source=commons.wikimedia.org&utm_campaign=imageinfo&utm_content=thumbnail,CC BY 3.0,https://creativecommons.org/licenses/by/3.0,Bobak Ha'Eri,Own work,true,resized to maximum 640 px; converted to RGB JPEG; EXIF removed,../raw/real_v2/images/commons-venue-0021.jpg,55931e3b9f44fa1c464c11ae8ae0467abcf862b83e1e8b3e399396a9fd1f6d4a,5efae7ebba8dcbab,500,375,pending,pending,metadata_screen_passed_manual_review_pending,candidate_not_for_training,
commons-venue-0022,178332583,File:'t Aygems Cafeetje - binnen 2 (Q134888692).jpg,Interiors of restaurants,https://commons.wikimedia.org/wiki/File:%27t_Aygems_Cafeetje_-_binnen_2_(Q134888692).jpg,https://upload.wikimedia.org/wikipedia/commons/4/49/%27t_Aygems_Cafeetje_-_binnen_2_%28Q134888692%29.jpg?utm_source=commons.wikimedia.org&utm_campaign=imageinfo&utm_content=original,https://upload.wikimedia.org/wikipedia/commons/thumb/4/49/%27t_Aygems_Cafeetje_-_binnen_2_%28Q134888692%29.jpg/500px-%27t_Aygems_Cafeetje_-_binnen_2_%28Q134888692%29.jpg?utm_source=commons.wikimedia.org&utm_campaign=imageinfo&utm_content=thumbnail,CC BY 4.0,https://creativecommons.org/licenses/by/4.0,JanV1962,Own work,true,resized to maximum 640 px; converted to RGB JPEG; EXIF removed,../raw/real_v2/images/commons-venue-0022.jpg,406e9669a196f95d0ff36be7deb11fade9476ae3d44b57aa5024cca2ab9461ea,ceced871c88ce7d1,500,333,pending,pending,metadata_screen_passed_manual_review_pending,candidate_not_for_training,
commons-venue-0023,150956588,File:1934-02 OBRAS 08.jpg,Assembly halls,https://commons.wikimedia.org/wiki/File:1934-02_OBRAS_08.jpg,https://upload.wikimedia.org/wikipedia/commons/e/ec/1934-02_OBRAS_08.jpg?utm_source=commons.wikimedia.org&utm_campaign=imageinfo&utm_content=original,https://upload.wikimedia.org/wikipedia/commons/thumb/e/ec/1934-02_OBRAS_08.jpg/500px-1934-02_OBRAS_08.jpg?utm_source=commons.wikimedia.org&utm_campaign=imageinfo&utm_content=thumbnail,Public domain,,Unknown author Unknown author,Obras. Revista de la construcción,false,resized to maximum 640 px; converted to RGB JPEG; EXIF removed,../raw/real_v2/images/commons-venue-0023.jpg,6f5db393bedaa9ba09c32ae01ad0e4c2ac41713205f7b1590d9bc7a10c8846c1,668cc0a523383421,500,370,pending,pending,metadata_screen_passed_manual_review_pending,candidate_not_for_training,
commons-venue-0024,177473060,File:Centro de Convenciones Atlapa 2025.jpg,Convention centers,https://commons.wikimedia.org/wiki/File:Centro_de_Convenciones_Atlapa_2025.jpg,https://upload.wikimedia.org/wikipedia/commons/a/a7/Centro_de_Convenciones_Atlapa_2025.jpg?utm_source=commons.wikimedia.org&utm_campaign=imageinfo&utm_content=original,https://upload.wikimedia.org/wikipedia/commons/thumb/a/a7/Centro_de_Convenciones_Atlapa_2025.jpg/500px-Centro_de_Convenciones_Atlapa_2025.jpg?utm_source=commons.wikimedia.org&utm_campaign=imageinfo&utm_content=thumbnail,CC0,http://creativecommons.org/publicdomain/zero/1.0/deed.en,Virpana,Own work,false,resized to maximum 640 px; converted to RGB JPEG; EXIF removed,../raw/real_v2/images/commons-venue-0024.jpg,8d43607a51877b844dcfcd09bc37d4d074f4b0a0d022d8408a2fd1b0a7e28371,f91191bd1b7b6000,500,375,pending,pending,metadata_screen_passed_manual_review_pending,candidate_not_for_training,
commons-venue-0025,4264241,File:Amsterdam Muziektheater foyer.jpg,Foyers,https://commons.wikimedia.org/wiki/File:Amsterdam_Muziektheater_foyer.jpg,https://upload.wikimedia.org/wikipedia/commons/0/01/Amsterdam_Muziektheater_foyer.jpg?utm_source=commons.wikimedia.org&utm_campaign=imageinfo&utm_content=original,https://upload.wikimedia.org/wikipedia/commons/thumb/0/01/Amsterdam_Muziektheater_foyer.jpg/500px-Amsterdam_Muziektheater_foyer.jpg?utm_source=commons.wikimedia.org&utm_campaign=imageinfo&utm_content=thumbnail,CC BY 3.0,https://creativecommons.org/licenses/by/3.0,Photo: Andreas Praefcke,Own work,true,resized to maximum 640 px; converted to RGB JPEG; EXIF removed,../raw/real_v2/images/commons-venue-0025.jpg,cfb6652da0b53e4aff46282d0857c25f1e6e573b403566e990c8c5311bb7d3ce,939696c7a6871506,480,640,pending,pending,metadata_screen_passed_manual_review_pending,candidate_not_for_training,
commons-venue-0026,23205396,File:Montgomery County Fairgrounds Coliseum.jpg,Exhibition halls,https://commons.wikimedia.org/wiki/File:Montgomery_County_Fairgrounds_Coliseum.jpg,https://upload.wikimedia.org/wikipedia/commons/0/00/Montgomery_County_Fairgrounds_Coliseum.jpg?utm_source=commons.wikimedia.org&utm_campaign=imageinfo&utm_content=original,https://upload.wikimedia.org/wikipedia/commons/thumb/0/00/Montgomery_County_Fairgrounds_Coliseum.jpg/500px-Montgomery_County_Fairgrounds_Coliseum.jpg?utm_source=commons.wikimedia.org&utm_campaign=imageinfo&utm_content=thumbnail,Public domain,,Nyttend,Own work,false,resized to maximum 640 px; converted to RGB JPEG; EXIF removed,../raw/real_v2/images/commons-venue-0026.jpg,3d069cfc8851088a656fa67f20020fa91d5fb31b550b47f549a0ff2b734ebc14,e8cccaeee0e2eee8,500,281,pending,pending,metadata_screen_passed_manual_review_pending,candidate_not_for_training,
commons-venue-0027,74791274,File:A-view-of-Ivan-Bratts-home-142461525240.jpg,Living rooms,https://commons.wikimedia.org/wiki/File:A-view-of-Ivan-Bratts-home-142461525240.jpg,https://upload.wikimedia.org/wikipedia/commons/1/15/A-view-of-Ivan-Bratts-home-142461525240.jpg?utm_source=commons.wikimedia.org&utm_campaign=imageinfo&utm_content=original,https://upload.wikimedia.org/wikipedia/commons/1/15/A-view-of-Ivan-Bratts-home-142461525240.jpg?utm_source=commons.wikimedia.org&utm_campaign=imageinfo&utm_content=thumbnail_unscaled,Public domain,,Unknown photographer,Åhlén & Åkerlund via IMS Vintage Photos,false,resized to maximum 640 px; converted to RGB JPEG; EXIF removed,../raw/real_v2/images/commons-venue-0027.jpg,0bfbc9a30ddddc5013b5ae25061667df9553f07bb628ec5271c90305286151bf,e6ece7232b2b33c0,640,448,pending,pending,metadata_screen_passed_manual_review_pending,candidate_not_for_training,
commons-venue-0028,86480089,File:Emergenza coronavirus (49469541262).jpg,Meeting rooms,https://commons.wikimedia.org/wiki/File:Emergenza_coronavirus_(49469541262).jpg,https://upload.wikimedia.org/wikipedia/commons/9/98/Emergenza_coronavirus_%2849469541262%29.jpg?utm_source=commons.wikimedia.org&utm_campaign=imageinfo&utm_content=original,https://upload.wikimedia.org/wikipedia/commons/thumb/9/98/Emergenza_coronavirus_%2849469541262%29.jpg/500px-Emergenza_coronavirus_%2849469541262%29.jpg?utm_source=commons.wikimedia.org&utm_campaign=imageinfo&utm_content=thumbnail,CC BY 2.0,https://creativecommons.org/licenses/by/2.0,Dipartimento Protezione Civile from Italia,Emergenza coronavirus,true,resized to maximum 640 px; converted to RGB JPEG; EXIF removed,../raw/real_v2/images/commons-venue-0028.jpg,466d1b0ed8f293d20cb91a347dc711ef614ab105023fe7089ebd762ce5ef586f,a4b4b463c3e072c0,500,333,pending,pending,metadata_screen_passed_manual_review_pending,candidate_not_for_training,
commons-venue-0029,161115114,File:202303musnh b facility022.jpg,Conference rooms,https://commons.wikimedia.org/wiki/File:202303musnh_b_facility022.jpg,https://upload.wikimedia.org/wikipedia/commons/b/b5/202303musnh_b_facility022.jpg?utm_source=commons.wikimedia.org&utm_campaign=imageinfo&utm_content=original,https://upload.wikimedia.org/wikipedia/commons/thumb/b/b5/202303musnh_b_facility022.jpg/500px-202303musnh_b_facility022.jpg?utm_source=commons.wikimedia.org&utm_campaign=imageinfo&utm_content=thumbnail,CC BY 2.0,https://creativecommons.org/licenses/by/2.0,大阪市立自然史博物館 Osaka Museum of Natural History,https://www.flickr.com/photos/omnh/53576361806/,true,resized to maximum 640 px; converted to RGB JPEG; EXIF removed,../raw/real_v2/images/commons-venue-0029.jpg,faf28f9cf31a27aed3a978e7b9d1b296201fd0269479748b95036727b9dfeab9,63d2721797958f1f,500,334,pending,pending,metadata_screen_passed_manual_review_pending,candidate_not_for_training,
commons-venue-0030,178333094,File:'t Aygems Cafeetje - binnen 3 (Q134888692).jpg,Interiors of restaurants,https://commons.wikimedia.org/wiki/File:%27t_Aygems_Cafeetje_-_binnen_3_(Q134888692).jpg,https://upload.wikimedia.org/wikipedia/commons/4/4b/%27t_Aygems_Cafeetje_-_binnen_3_%28Q134888692%29.jpg?utm_source=commons.wikimedia.org&utm_campaign=imageinfo&utm_content=original,https://upload.wikimedia.org/wikipedia/commons/thumb/4/4b/%27t_Aygems_Cafeetje_-_binnen_3_%28Q134888692%29.jpg/500px-%27t_Aygems_Cafeetje_-_binnen_3_%28Q134888692%29.jpg?utm_source=commons.wikimedia.org&utm_campaign=imageinfo&utm_content=thumbnail,CC BY 4.0,https://creativecommons.org/licenses/by/4.0,JanV1962,Own work,true,resized to maximum 640 px; converted to RGB JPEG; EXIF removed,../raw/real_v2/images/commons-venue-0030.jpg,9c31dbcdd920962872f7cf26e598431729c260f3b8cdb4ea28475ef56fc07216,9104452767250f0e,500,333,pending,pending,metadata_screen_passed_manual_review_pending,candidate_not_for_training,
commons-venue-0031,150956586,File:1934-02 OBRAS 09.jpg,Assembly halls,https://commons.wikimedia.org/wiki/File:1934-02_OBRAS_09.jpg,https://upload.wikimedia.org/wikipedia/commons/4/4b/1934-02_OBRAS_09.jpg?utm_source=commons.wikimedia.org&utm_campaign=imageinfo&utm_content=original,https://upload.wikimedia.org/wikipedia/commons/thumb/4/4b/1934-02_OBRAS_09.jpg/500px-1934-02_OBRAS_09.jpg?utm_source=commons.wikimedia.org&utm_campaign=imageinfo&utm_content=thumbnail,Public domain,,Unknown author Unknown author,Obras. Revista de la construcción,false,resized to maximum 640 px; converted to RGB JPEG; EXIF removed,../raw/real_v2/images/commons-venue-0031.jpg,58dd922c0bde4e943b472c656ecb1d1d3dfba48375d89a54f1a2e8a1515833a7,36a5c44c49480d69,500,370,pending,pending,metadata_screen_passed_manual_review_pending,candidate_not_for_training,
commons-venue-0032,19307807,File:CTBTO International Scientific Studies 2009 - day 1 - Flickr - The Official CTBTO Photostream (12).jpg,Convention centers,https://commons.wikimedia.org/wiki/File:CTBTO_International_Scientific_Studies_2009_-_day_1_-_Flickr_-_The_Official_CTBTO_Photostream_(12).jpg,https://upload.wikimedia.org/wikipedia/commons/c/c6/CTBTO_International_Scientific_Studies_2009_-_day_1_-_Flickr_-_The_Official_CTBTO_Photostream_%2812%29.jpg?utm_source=commons.wikimedia.org&utm_campaign=imageinfo&utm_content=original,https://upload.wikimedia.org/wikipedia/commons/thumb/c/c6/CTBTO_International_Scientific_Studies_2009_-_day_1_-_Flickr_-_The_Official_CTBTO_Photostream_%2812%29.jpg/500px-CTBTO_International_Scientific_Studies_2009_-_day_1_-_Flickr_-_The_Official_CTBTO_Photostream_%2812%29.jpg?utm_source=commons.wikimedia.org&utm_campaign=imageinfo&utm_content=thumbnail,CC BY 2.0,https://creativecommons.org/licenses/by/2.0,The Official CTBTO Photostream,CTBTO International Scientific Studies 2009 - day 1,true,resized to maximum 640 px; converted to RGB JPEG; EXIF removed,../raw/real_v2/images/commons-venue-0032.jpg,69ab69f47e0dd8d55f7e4e3673db430458b94344395dc92fbc16d4b490d591e6,6665db976767263e,500,333,pending,pending,metadata_screen_passed_manual_review_pending,candidate_not_for_training,
commons-venue-0033,6873029,File:Basel Theater Foyer.jpg,Foyers,https://commons.wikimedia.org/wiki/File:Basel_Theater_Foyer.jpg,https://upload.wikimedia.org/wikipedia/commons/3/3a/Basel_Theater_Foyer.jpg?utm_source=commons.wikimedia.org&utm_campaign=imageinfo&utm_content=original,https://upload.wikimedia.org/wikipedia/commons/thumb/3/3a/Basel_Theater_Foyer.jpg/500px-Basel_Theater_Foyer.jpg?utm_source=commons.wikimedia.org&utm_campaign=imageinfo&utm_content=thumbnail,CC BY 3.0,https://creativecommons.org/licenses/by/3.0,Photo: Andreas Praefcke,Self-photographed,true,resized to maximum 640 px; converted to RGB JPEG; EXIF removed,../raw/real_v2/images/commons-venue-0033.jpg,a715284cf1b0a276f412e1ac8910b7973c389c84e2b19b107f9beb19966d5e5e,f8dccca5351dc1a0,500,375,pending,pending,metadata_screen_passed_manual_review_pending,candidate_not_for_training,
commons-venue-0034,16033176,File:Rosvalla Event Center.jpg,Exhibition halls,https://commons.wikimedia.org/wiki/File:Rosvalla_Event_Center.jpg,https://upload.wikimedia.org/wikipedia/commons/4/4b/Rosvalla_Event_Center.jpg?utm_source=commons.wikimedia.org&utm_campaign=imageinfo&utm_content=original,https://upload.wikimedia.org/wikipedia/commons/thumb/4/4b/Rosvalla_Event_Center.jpg/500px-Rosvalla_Event_Center.jpg?utm_source=commons.wikimedia.org&utm_campaign=imageinfo&utm_content=thumbnail,CC BY 3.0,https://creativecommons.org/licenses/by/3.0,TS Eriksson,Own work,true,resized to maximum 640 px; converted to RGB JPEG; EXIF removed,../raw/real_v2/images/commons-venue-0034.jpg,c1160676d2f186984bed32307e44f979bbc2e204da03fb1b82be916ace868f39,cc333ebea2464083,500,306,pending,pending,metadata_screen_passed_manual_review_pending,candidate_not_for_training,
commons-venue-0035,157438285,"File:Members of the Libby Salmon Division attending a banquet, Alaska, 1920s (AL+CA 5010).jpg",Banquet halls,"https://commons.wikimedia.org/wiki/File:Members_of_the_Libby_Salmon_Division_attending_a_banquet,_Alaska,_1920s_(AL%2BCA_5010).jpg",https://upload.wikimedia.org/wikipedia/commons/b/bf/Members_of_the_Libby_Salmon_Division_attending_a_banquet%2C_Alaska%2C_1920s_%28AL%2BCA_5010%29.jpg?utm_source=commons.wikimedia.org&utm_campaign=imageinfo&utm_content=original,https://upload.wikimedia.org/wikipedia/commons/b/bf/Members_of_the_Libby_Salmon_Division_attending_a_banquet%2C_Alaska%2C_1920s_%28AL%2BCA_5010%29.jpg?utm_source=commons.wikimedia.org&utm_campaign=imageinfo&utm_content=thumbnail_unscaled,Public domain,,Webster and Stevens,"Alaska, Western Canada and United States Collection",false,resized to maximum 640 px; converted to RGB JPEG; EXIF removed,../raw/real_v2/images/commons-venue-0035.jpg,cbe2ae70fc51e034afed6d49aae7538c9a190c2ba776fd53dde25cfc1b712e61,2c98e7464e1e8692,640,438,pending,pending,metadata_screen_passed_manual_review_pending,candidate_not_for_training,
commons-venue-0036,86480093,File:Emergenza coronavirus (49469541532).jpg,Meeting rooms,https://commons.wikimedia.org/wiki/File:Emergenza_coronavirus_(49469541532).jpg,https://upload.wikimedia.org/wikipedia/commons/2/23/Emergenza_coronavirus_%2849469541532%29.jpg?utm_source=commons.wikimedia.org&utm_campaign=imageinfo&utm_content=original,https://upload.wikimedia.org/wikipedia/commons/thumb/2/23/Emergenza_coronavirus_%2849469541532%29.jpg/500px-Emergenza_coronavirus_%2849469541532%29.jpg?utm_source=commons.wikimedia.org&utm_campaign=imageinfo&utm_content=thumbnail,CC BY 2.0,https://creativecommons.org/licenses/by/2.0,Dipartimento Protezione Civile from Italia,Emergenza coronavirus,true,resized to maximum 640 px; converted to RGB JPEG; EXIF removed,../raw/real_v2/images/commons-venue-0036.jpg,b8f47874886627067d01d4ed00eeccea0dd1f075015b5ea138a0f3bf6db8024e,6373d3bbf3e0d9b1,500,333,pending,pending,metadata_screen_passed_manual_review_pending,candidate_not_for_training,
commons-venue-0037,132678521,File:230605-D-TT977-0243.jpg,Conference rooms,https://commons.wikimedia.org/wiki/File:230605-D-TT977-0243.jpg,https://upload.wikimedia.org/wikipedia/commons/2/2e/230605-D-TT977-0243.jpg?utm_source=commons.wikimedia.org&utm_campaign=imageinfo&utm_content=original,https://upload.wikimedia.org/wikipedia/commons/thumb/2/2e/230605-D-TT977-0243.jpg/500px-230605-D-TT977-0243.jpg?utm_source=commons.wikimedia.org&utm_campaign=imageinfo&utm_content=thumbnail,CC BY 2.0,https://creativecommons.org/licenses/by/2.0,U.S. Secretary of Defense,https://www.flickr.com/photos/68842444@N03/52952055659/,true,resized to maximum 640 px; converted to RGB JPEG; EXIF removed,../raw/real_v2/images/commons-venue-0037.jpg,e24c059f4e09d4e2da0ebd441e57585d3e228aee94ec7b1dbb2c9e74ff148a88,d9d0632a9492b2f0,500,333,pending,pending,metadata_screen_passed_manual_review_pending,candidate_not_for_training,
commons-venue-0038,178333690,File:'t Aygems Cafeetje - binnen 5 (Q134888692.jpg,Interiors of restaurants,https://commons.wikimedia.org/wiki/File:%27t_Aygems_Cafeetje_-_binnen_5_(Q134888692.jpg,https://upload.wikimedia.org/wikipedia/commons/c/c7/%27t_Aygems_Cafeetje_-_binnen_5_%28Q134888692.jpg?utm_source=commons.wikimedia.org&utm_campaign=imageinfo&utm_content=original,https://upload.wikimedia.org/wikipedia/commons/thumb/c/c7/%27t_Aygems_Cafeetje_-_binnen_5_%28Q134888692.jpg/500px-%27t_Aygems_Cafeetje_-_binnen_5_%28Q134888692.jpg?utm_source=commons.wikimedia.org&utm_campaign=imageinfo&utm_content=thumbnail,CC BY 4.0,https://creativecommons.org/licenses/by/4.0,JanV1962,Own work,true,resized to maximum 640 px; converted to RGB JPEG; EXIF removed,../raw/real_v2/images/commons-venue-0038.jpg,2dfcf8f4283b9ed438386a0762894a916e7b972ff13cc228d07e0436e9bd4e13,1e1edfb6b7b6b7b8,500,333,pending,pending,metadata_screen_passed_manual_review_pending,candidate_not_for_training,
commons-venue-0039,19307822,File:CTBTO International Scientific Studies 2009 - day 1 - Flickr - The Official CTBTO Photostream (13).jpg,Convention centers,https://commons.wikimedia.org/wiki/File:CTBTO_International_Scientific_Studies_2009_-_day_1_-_Flickr_-_The_Official_CTBTO_Photostream_(13).jpg,https://upload.wikimedia.org/wikipedia/commons/f/f3/CTBTO_International_Scientific_Studies_2009_-_day_1_-_Flickr_-_The_Official_CTBTO_Photostream_%2813%29.jpg?utm_source=commons.wikimedia.org&utm_campaign=imageinfo&utm_content=original,https://upload.wikimedia.org/wikipedia/commons/thumb/f/f3/CTBTO_International_Scientific_Studies_2009_-_day_1_-_Flickr_-_The_Official_CTBTO_Photostream_%2813%29.jpg/500px-CTBTO_International_Scientific_Studies_2009_-_day_1_-_Flickr_-_The_Official_CTBTO_Photostream_%2813%29.jpg?utm_source=commons.wikimedia.org&utm_campaign=imageinfo&utm_content=thumbnail,CC BY 2.0,https://creativecommons.org/licenses/by/2.0,The Official CTBTO Photostream,CTBTO International Scientific Studies 2009 - day 1,true,resized to maximum 640 px; converted to RGB JPEG; EXIF removed,../raw/real_v2/images/commons-venue-0039.jpg,32affa6b25707ce8bed492f17e5f9d16253c03b23c2a9ff64d4b5095b7ff3f53,3aa76f263794ae64,500,333,pending,pending,metadata_screen_passed_manual_review_pending,candidate_not_for_training,
commons-venue-0040,6751657,File:Bern Stadttheater Foyer.jpg,Foyers,https://commons.wikimedia.org/wiki/File:Bern_Stadttheater_Foyer.jpg,https://upload.wikimedia.org/wikipedia/commons/4/40/Bern_Stadttheater_Foyer.jpg?utm_source=commons.wikimedia.org&utm_campaign=imageinfo&utm_content=original,https://upload.wikimedia.org/wikipedia/commons/thumb/4/40/Bern_Stadttheater_Foyer.jpg/500px-Bern_Stadttheater_Foyer.jpg?utm_source=commons.wikimedia.org&utm_campaign=imageinfo&utm_content=thumbnail,CC BY 3.0,https://creativecommons.org/licenses/by/3.0,Photo: Andreas Praefcke,Self-photographed,true,resized to maximum 640 px; converted to RGB JPEG; EXIF removed,../raw/real_v2/images/commons-venue-0040.jpg,ce58ed677f6cff82d0c30a8bf80e84e7cb8a4dea2ecdceb3a0a3bd1025be6f5a,91342d2b313338f8,500,375,pending,pending,metadata_screen_passed_manual_review_pending,candidate_not_for_training,
commons-venue-0041,42133404,"File:The old entrance hall to ""Gloddaeth"" near Conway - an ancient mansion belonging to the Hon. E. M. Ll. Mostyn M. P.jpeg",Banquet halls,https://commons.wikimedia.org/wiki/File:The_old_entrance_hall_to_%22Gloddaeth%22_near_Conway_-_an_ancient_mansion_belonging_to_the_Hon._E._M._Ll._Mostyn_M._P.jpeg,https://upload.wikimedia.org/wikipedia/commons/f/fe/The_old_entrance_hall_to_%22Gloddaeth%22_near_Conway_-_an_ancient_mansion_belonging_to_the_Hon._E._M._Ll._Mostyn_M._P.jpeg?utm_source=commons.wikimedia.org&utm_campaign=imageinfo&utm_content=original,https://upload.wikimedia.org/wikipedia/commons/f/fe/The_old_entrance_hall_to_%22Gloddaeth%22_near_Conway_-_an_ancient_mansion_belonging_to_the_Hon._E._M._Ll._Mostyn_M._P.jpeg?utm_source=commons.wikimedia.org&utm_campaign=imageinfo&utm_content=thumbnail_unscaled,Public domain,,Day & Son,This image is available from the National Library of Wales You can view this image in its original context on the NLW Catalogue,false,resized to maximum 640 px; converted to RGB JPEG; EXIF removed,../raw/real_v2/images/commons-venue-0041.jpg,c133576432c956148b0fb1cd90317cc15454db3d95ad241ef5cd0aa44c2edc8c,d403135b17032307,640,562,pending,pending,metadata_screen_passed_manual_review_pending,candidate_not_for_training,
commons-venue-0042,87221213,File:Emergenza coronavirus (49497695101).jpg,Meeting rooms,https://commons.wikimedia.org/wiki/File:Emergenza_coronavirus_(49497695101).jpg,https://upload.wikimedia.org/wikipedia/commons/9/90/Emergenza_coronavirus_%2849497695101%29.jpg?utm_source=commons.wikimedia.org&utm_campaign=imageinfo&utm_content=original,https://upload.wikimedia.org/wikipedia/commons/thumb/9/90/Emergenza_coronavirus_%2849497695101%29.jpg/500px-Emergenza_coronavirus_%2849497695101%29.jpg?utm_source=commons.wikimedia.org&utm_campaign=imageinfo&utm_content=thumbnail,CC BY 2.0,https://creativecommons.org/licenses/by/2.0,Dipartimento Protezione Civile from Italia,Emergenza coronavirus,true,resized to maximum 640 px; converted to RGB JPEG; EXIF removed,../raw/real_v2/images/commons-venue-0042.jpg,e62a1ea105e3cb11d1c4acfceee8bc766aa209c2dbf01c97fbec822c13746766,21276b496cb4e1f0,500,333,pending,pending,metadata_screen_passed_manual_review_pending,candidate_not_for_training,
commons-venue-0043,17343759,File:Aoi osaki.jpg,Conference rooms,https://commons.wikimedia.org/wiki/File:Aoi_osaki.jpg,https://upload.wikimedia.org/wikipedia/commons/0/05/Aoi_osaki.jpg?utm_source=commons.wikimedia.org&utm_campaign=imageinfo&utm_content=original,https://upload.wikimedia.org/wikipedia/commons/thumb/0/05/Aoi_osaki.jpg/500px-Aoi_osaki.jpg?utm_source=commons.wikimedia.org&utm_campaign=imageinfo&utm_content=thumbnail,CC0,http://creativecommons.org/publicdomain/zero/1.0/deed.en,No machine-readable author provided. Fj6231 assumed (based on copyright claims).,No machine-readable source provided. Own work assumed (based on copyright claims).,false,resized to maximum 640 px; converted to RGB JPEG; EXIF removed,../raw/real_v2/images/commons-venue-0043.jpg,b59f8dfe10960bd20439947b87044b0ff78717f5af061d6e9332adfccb641e64,e0e8715ad8d89898,500,311,pending,pending,metadata_screen_passed_manual_review_pending,candidate_not_for_training,
commons-venue-0044,74147453,File:A tacky lamp at Trailer Park restaurant. (25989390132).jpg,Interiors of restaurants,https://commons.wikimedia.org/wiki/File:A_tacky_lamp_at_Trailer_Park_restaurant._(25989390132).jpg,https://upload.wikimedia.org/wikipedia/commons/e/e1/A_tacky_lamp_at_Trailer_Park_restaurant._%2825989390132%29.jpg?utm_source=commons.wikimedia.org&utm_campaign=imageinfo&utm_content=original,https://upload.wikimedia.org/wikipedia/commons/thumb/e/e1/A_tacky_lamp_at_Trailer_Park_restaurant._%2825989390132%29.jpg/500px-A_tacky_lamp_at_Trailer_Park_restaurant._%2825989390132%29.jpg?utm_source=commons.wikimedia.org&utm_campaign=imageinfo&utm_content=thumbnail,CC BY 2.0,https://creativecommons.org/licenses/by/2.0,"Billie Grace Ward from New York, USA",A tacky lamp at Trailer Park restaurant.,true,resized to maximum 640 px; converted to RGB JPEG; EXIF removed,../raw/real_v2/images/commons-venue-0044.jpg,baffc5dac7b0852ef294f4664f615228b3fae7db8ff50efe5bec8ecb845ba719,6e7b73cce8e0f0f9,500,334,pending,pending,metadata_screen_passed_manual_review_pending,candidate_not_for_training,
commons-venue-0045,19307723,File:CTBTO International Scientific Studies 2009 - day 1 - Flickr - The Official CTBTO Photostream (2).jpg,Convention centers,https://commons.wikimedia.org/wiki/File:CTBTO_International_Scientific_Studies_2009_-_day_1_-_Flickr_-_The_Official_CTBTO_Photostream_(2).jpg,https://upload.wikimedia.org/wikipedia/commons/8/87/CTBTO_International_Scientific_Studies_2009_-_day_1_-_Flickr_-_The_Official_CTBTO_Photostream_%282%29.jpg?utm_source=commons.wikimedia.org&utm_campaign=imageinfo&utm_content=original,https://upload.wikimedia.org/wikipedia/commons/thumb/8/87/CTBTO_International_Scientific_Studies_2009_-_day_1_-_Flickr_-_The_Official_CTBTO_Photostream_%282%29.jpg/500px-CTBTO_International_Scientific_Studies_2009_-_day_1_-_Flickr_-_The_Official_CTBTO_Photostream_%282%29.jpg?utm_source=commons.wikimedia.org&utm_campaign=imageinfo&utm_content=thumbnail,CC BY 2.0,https://creativecommons.org/licenses/by/2.0,The Official CTBTO Photostream,CTBTO International Scientific Studies 2009 - day 1,true,resized to maximum 640 px; converted to RGB JPEG; EXIF removed,../raw/real_v2/images/commons-venue-0045.jpg,690586688e08c6dca48b20507b898aee8fe7fff9b96c563c129f69c9d1bd2765,373632727260e18c,500,333,pending,pending,metadata_screen_passed_manual_review_pending,candidate_not_for_training,
commons-venue-0046,182291972,File:Carl Witzmann Foyer des Scala Theaters in Wien.jpg,Foyers,https://commons.wikimedia.org/wiki/File:Carl_Witzmann_Foyer_des_Scala_Theaters_in_Wien.jpg,https://upload.wikimedia.org/wikipedia/commons/6/67/Carl_Witzmann_Foyer_des_Scala_Theaters_in_Wien.jpg?utm_source=commons.wikimedia.org&utm_campaign=imageinfo&utm_content=original,https://upload.wikimedia.org/wikipedia/commons/thumb/6/67/Carl_Witzmann_Foyer_des_Scala_Theaters_in_Wien.jpg/500px-Carl_Witzmann_Foyer_des_Scala_Theaters_in_Wien.jpg?utm_source=commons.wikimedia.org&utm_campaign=imageinfo&utm_content=thumbnail,Public domain,,Carl Witzmann,Dorotheum : Info about artwork,false,resized to maximum 640 px; converted to RGB JPEG; EXIF removed,../raw/real_v2/images/commons-venue-0046.jpg,4af41d339a1de58a5d89247c71f909773ea2f6ca944581cfe75f5fb031beaec4,345853521c9e4c45,500,500,pending,pending,metadata_screen_passed_manual_review_pending,candidate_not_for_training,
commons-venue-0047,105544053,File:Fotos produzidas pelo Senado (51190599735).jpg,Meeting rooms,https://commons.wikimedia.org/wiki/File:Fotos_produzidas_pelo_Senado_(51190599735).jpg,https://upload.wikimedia.org/wikipedia/commons/d/d9/Fotos_produzidas_pelo_Senado_%2851190599735%29.jpg?utm_source=commons.wikimedia.org&utm_campaign=imageinfo&utm_content=original,https://upload.wikimedia.org/wikipedia/commons/thumb/d/d9/Fotos_produzidas_pelo_Senado_%2851190599735%29.jpg/500px-Fotos_produzidas_pelo_Senado_%2851190599735%29.jpg?utm_source=commons.wikimedia.org&utm_campaign=imageinfo&utm_content=thumbnail,CC BY 2.0,https://creativecommons.org/licenses/by/2.0,"Senado Federal from Brasilia, Brazil",Fotos produzidas pelo Senado,true,resized to maximum 640 px; converted to RGB JPEG; EXIF removed,../raw/real_v2/images/commons-venue-0047.jpg,c5ff59bc5d77e89a6cbaeb97ef13c374b188d34f71da353c7ea18ea839ef0a2a,5c346041c78dcf2f,500,333,pending,pending,metadata_screen_passed_manual_review_pending,candidate_not_for_training,
commons-venue-0048,4784153,File:Bernerhof Chandelier Hall.jpg,Conference rooms,https://commons.wikimedia.org/wiki/File:Bernerhof_Chandelier_Hall.jpg,https://upload.wikimedia.org/wikipedia/commons/a/a8/Bernerhof_Chandelier_Hall.jpg?utm_source=commons.wikimedia.org&utm_campaign=imageinfo&utm_content=original,https://upload.wikimedia.org/wikipedia/commons/thumb/a/a8/Bernerhof_Chandelier_Hall.jpg/500px-Bernerhof_Chandelier_Hall.jpg?utm_source=commons.wikimedia.org&utm_campaign=imageinfo&utm_content=thumbnail,CC BY 3.0,https://creativecommons.org/licenses/by/3.0,Sandstein,Own work,true,resized to maximum 640 px; converted to RGB JPEG; EXIF removed,../raw/real_v2/images/commons-venue-0048.jpg,ecc26f97b3af340fc1a0371634133ba3d5004b0fcd8738035c16d25ad42207ef,555971674e6f6673,500,335,pending,pending,metadata_screen_passed_manual_review_pending,candidate_not_for_training,
commons-venue-0049,61911747,File:Alex Jones 2014-11-23 (Unsplash).jpg,Interiors of restaurants,https://commons.wikimedia.org/wiki/File:Alex_Jones_2014-11-23_(Unsplash).jpg,https://upload.wikimedia.org/wikipedia/commons/2/28/Alex_Jones_2014-11-23_%28Unsplash%29.jpg?utm_source=commons.wikimedia.org&utm_campaign=imageinfo&utm_content=original,https://upload.wikimedia.org/wikipedia/commons/thumb/2/28/Alex_Jones_2014-11-23_%28Unsplash%29.jpg/500px-Alex_Jones_2014-11-23_%28Unsplash%29.jpg?utm_source=commons.wikimedia.org&utm_campaign=imageinfo&utm_content=thumbnail,CC0,http://creativecommons.org/publicdomain/zero/1.0/deed.en,Alex Jones alexjones,https://unsplash.com/photos/v0_6jaOOjpk Image at the Wayback Machine Gallery at the Wayback Machine,false,resized to maximum 640 px; converted to RGB JPEG; EXIF removed,../raw/real_v2/images/commons-venue-0049.jpg,604057c427de92fafc3e45a09b93ec2f16a26389db9141399da03508f1d6925b,c8c4b4b8b0b4b4b0,500,333,pending,pending,metadata_screen_passed_manual_review_pending,candidate_not_for_training,
commons-venue-0050,19308572,File:CTBTO International Scientific Studies 2009 - day 1 - Flickr - The Official CTBTO Photostream (26).jpg,Convention centers,https://commons.wikimedia.org/wiki/File:CTBTO_International_Scientific_Studies_2009_-_day_1_-_Flickr_-_The_Official_CTBTO_Photostream_(26).jpg,https://upload.wikimedia.org/wikipedia/commons/b/b2/CTBTO_International_Scientific_Studies_2009_-_day_1_-_Flickr_-_The_Official_CTBTO_Photostream_%2826%29.jpg?utm_source=commons.wikimedia.org&utm_campaign=imageinfo&utm_content=original,https://upload.wikimedia.org/wikipedia/commons/thumb/b/b2/CTBTO_International_Scientific_Studies_2009_-_day_1_-_Flickr_-_The_Official_CTBTO_Photostream_%2826%29.jpg/500px-CTBTO_International_Scientific_Studies_2009_-_day_1_-_Flickr_-_The_Official_CTBTO_Photostream_%2826%29.jpg?utm_source=commons.wikimedia.org&utm_campaign=imageinfo&utm_content=thumbnail,CC BY 2.0,https://creativecommons.org/licenses/by/2.0,The Official CTBTO Photostream,CTBTO International Scientific Studies 2009 - day 1,true,resized to maximum 640 px; converted to RGB JPEG; EXIF removed,../raw/real_v2/images/commons-venue-0050.jpg,0d0b536d12832f792547dd22327589f2eefcefca129ee8c9751df6b55000b4be,8e6ae190d1c1c382,500,333,pending,pending,metadata_screen_passed_manual_review_pending,candidate_not_for_training,
commons-venue-0051,8324723,File:Dallas Meyerson Center foyer.jpg,Foyers,https://commons.wikimedia.org/wiki/File:Dallas_Meyerson_Center_foyer.jpg,https://upload.wikimedia.org/wikipedia/commons/8/8b/Dallas_Meyerson_Center_foyer.jpg?utm_source=commons.wikimedia.org&utm_campaign=imageinfo&utm_content=original,https://upload.wikimedia.org/wikipedia/commons/thumb/8/8b/Dallas_Meyerson_Center_foyer.jpg/500px-Dallas_Meyerson_Center_foyer.jpg?utm_source=commons.wikimedia.org&utm_campaign=imageinfo&utm_content=thumbnail,CC BY 3.0,https://creativecommons.org/licenses/by/3.0,Photo: Andreas Praefcke,Self-photographed,true,resized to maximum 640 px; converted to RGB JPEG; EXIF removed,../raw/real_v2/images/commons-venue-0051.jpg,53764344258057ef2cba894e31e6fcbe60f7a5e0952fa041ebca59862479e32b,e67bfbcbc77e76ed,500,341,pending,pending,metadata_screen_passed_manual_review_pending,candidate_not_for_training,
commons-venue-0052,69377824,File:Sala de Baile do Palácio da Presidência da República - Illustração Portugueza (27Nov1911).png,Ballrooms,https://commons.wikimedia.org/wiki/File:Sala_de_Baile_do_Pal%C3%A1cio_da_Presid%C3%AAncia_da_Rep%C3%BAblica_-_Illustra%C3%A7%C3%A3o_Portugueza_(27Nov1911).png,https://upload.wikimedia.org/wikipedia/commons/e/ec/Sala_de_Baile_do_Pal%C3%A1cio_da_Presid%C3%AAncia_da_Rep%C3%BAblica_-_Illustra%C3%A7%C3%A3o_Portugueza_%2827Nov1911%29.png?utm_source=commons.wikimedia.org&utm_campaign=imageinfo&utm_content=original,https://upload.wikimedia.org/wikipedia/commons/e/ec/Sala_de_Baile_do_Pal%C3%A1cio_da_Presid%C3%AAncia_da_Rep%C3%BAblica_-_Illustra%C3%A7%C3%A3o_Portugueza_%2827Nov1911%29.png?utm_source=commons.wikimedia.org&utm_campaign=imageinfo&utm_content=thumbnail_unscaled,Public domain,,Joshua Benoliel,"Hemeroteca Digital: ""Ilustração Portuguesa"", 2.ª série, n.º 301, 27 de Novembro de 1911",false,resized to maximum 640 px; converted to RGB JPEG; EXIF removed,../raw/real_v2/images/commons-venue-0052.jpg,cb12a5ce619d6a268cbcd526dae35f04415805e7f61f93d4c2482ac5a2761fd9,1c1d0e93b1d99939,640,468,pending,pending,metadata_screen_passed_manual_review_pending,candidate_not_for_training,
commons-venue-0053,4499922,"File:Reception counter in the Windsor Hotel, Montreal, QC, about 1890.jpg",Reception rooms,"https://commons.wikimedia.org/wiki/File:Reception_counter_in_the_Windsor_Hotel,_Montreal,_QC,_about_1890.jpg",https://upload.wikimedia.org/wikipedia/commons/2/22/Reception_counter_in_the_Windsor_Hotel%2C_Montreal%2C_QC%2C_about_1890.jpg?utm_source=commons.wikimedia.org&utm_campaign=imageinfo&utm_content=original,https://upload.wikimedia.org/wikipedia/commons/2/22/Reception_counter_in_the_Windsor_Hotel%2C_Montreal%2C_QC%2C_about_1890.jpg?utm_source=commons.wikimedia.org&utm_campaign=imageinfo&utm_content=thumbnail_unscaled,Public domain,,Wm. Notman & Son,This image is available from the McCord Stewart Museum under the access number VIEW-2223 This tag does not indicate the copyright status of the attached work. A normal copyright tag is still required. See Commons:Licensing for more information.,false,resized to maximum 640 px; converted to RGB JPEG; EXIF removed,../raw/real_v2/images/commons-venue-0053.jpg,8475314ac07797b41bd451d11169efe3bd3a9d9dded393382ae3c8a2cfbf1398,a2e12196b43e3a31,640,493,pending,pending,metadata_screen_passed_manual_review_pending,candidate_not_for_training,
commons-venue-0054,27213701,File:Fundatoriu salė Monte Pacis svetingumo komplekse.jpg,Meeting rooms,https://commons.wikimedia.org/wiki/File:Fundatoriu_sal%C4%97_Monte_Pacis_svetingumo_komplekse.jpg,https://upload.wikimedia.org/wikipedia/commons/1/1f/Fundatoriu_sal%C4%97_Monte_Pacis_svetingumo_komplekse.jpg?utm_source=commons.wikimedia.org&utm_campaign=imageinfo&utm_content=original,https://upload.wikimedia.org/wikipedia/commons/thumb/1/1f/Fundatoriu_sal%C4%97_Monte_Pacis_svetingumo_komplekse.jpg/500px-Fundatoriu_sal%C4%97_Monte_Pacis_svetingumo_komplekse.jpg?utm_source=commons.wikimedia.org&utm_campaign=imageinfo&utm_content=thumbnail,CC0,http://creativecommons.org/publicdomain/zero/1.0/deed.en,Monte Pacis,http://www.montepacis.lt/,false,resized to maximum 640 px; converted to RGB JPEG; EXIF removed,../raw/real_v2/images/commons-venue-0054.jpg,a4b45261f2bb035d324bfe97338bac9b5efe142d206c8f54175b13376af06878,71e4a6b3d3c36173,500,315,pending,pending,metadata_screen_passed_manual_review_pending,candidate_not_for_training,
commons-venue-0055,4784113,File:Bernerhof Large Salon.jpg,Conference rooms,https://commons.wikimedia.org/wiki/File:Bernerhof_Large_Salon.jpg,https://upload.wikimedia.org/wikipedia/commons/3/31/Bernerhof_Large_Salon.jpg?utm_source=commons.wikimedia.org&utm_campaign=imageinfo&utm_content=original,https://upload.wikimedia.org/wikipedia/commons/thumb/3/31/Bernerhof_Large_Salon.jpg/500px-Bernerhof_Large_Salon.jpg?utm_source=commons.wikimedia.org&utm_campaign=imageinfo&utm_content=thumbnail,CC BY 3.0,https://creativecommons.org/licenses/by/3.0,Sandstein,Own work,true,resized to maximum 640 px; converted to RGB JPEG; EXIF removed,../raw/real_v2/images/commons-venue-0055.jpg,c9940ca247de688043061c27242b1c5a023558e7ae79a27cd200b413ae3b940f,1f23a5a6a6a6a4e0,500,363,pending,pending,metadata_screen_passed_manual_review_pending,candidate_not_for_training,
commons-venue-0056,196509371,File:Browns Social House interior - Tofino Canada 2026.jpg,Interiors of restaurants,https://commons.wikimedia.org/wiki/File:Browns_Social_House_interior_-_Tofino_Canada_2026.jpg,https://upload.wikimedia.org/wikipedia/commons/2/23/Browns_Social_House_interior_-_Tofino_Canada_2026.jpg?utm_source=commons.wikimedia.org&utm_campaign=imageinfo&utm_content=original,https://upload.wikimedia.org/wikipedia/commons/thumb/2/23/Browns_Social_House_interior_-_Tofino_Canada_2026.jpg/500px-Browns_Social_House_interior_-_Tofino_Canada_2026.jpg?utm_source=commons.wikimedia.org&utm_campaign=imageinfo&utm_content=thumbnail,CC BY 4.0,https://creativecommons.org/licenses/by/4.0,Carter Lacey,Own work,true,resized to maximum 640 px; converted to RGB JPEG; EXIF removed,../raw/real_v2/images/commons-venue-0056.jpg,b407b57519584daa8baad88a1cc9a651ca76dc252b72226fe72698a0013bd382,e7d793969c9c9c9c,500,375,pending,pending,metadata_screen_passed_manual_review_pending,candidate_not_for_training,
commons-venue-0057,19307737,File:CTBTO International Scientific Studies 2009 - day 1 - Flickr - The Official CTBTO Photostream (4).jpg,Convention centers,https://commons.wikimedia.org/wiki/File:CTBTO_International_Scientific_Studies_2009_-_day_1_-_Flickr_-_The_Official_CTBTO_Photostream_(4).jpg,https://upload.wikimedia.org/wikipedia/commons/9/99/CTBTO_International_Scientific_Studies_2009_-_day_1_-_Flickr_-_The_Official_CTBTO_Photostream_%284%29.jpg?utm_source=commons.wikimedia.org&utm_campaign=imageinfo&utm_content=original,https://upload.wikimedia.org/wikipedia/commons/thumb/9/99/CTBTO_International_Scientific_Studies_2009_-_day_1_-_Flickr_-_The_Official_CTBTO_Photostream_%284%29.jpg/500px-CTBTO_International_Scientific_Studies_2009_-_day_1_-_Flickr_-_The_Official_CTBTO_Photostream_%284%29.jpg?utm_source=commons.wikimedia.org&utm_campaign=imageinfo&utm_content=thumbnail,CC BY 2.0,https://creativecommons.org/licenses/by/2.0,The Official CTBTO Photostream,CTBTO International Scientific Studies 2009 - day 1,true,resized to maximum 640 px; converted to RGB JPEG; EXIF removed,../raw/real_v2/images/commons-venue-0057.jpg,1bf5d2d483049c703f4aee44641db7779d6e7bf9be5ce21e5233b24e800e95c2,3137326260606262,500,333,pending,pending,metadata_screen_passed_manual_review_pending,candidate_not_for_training,
commons-venue-0058,33116940,File:Dock-street-threatre-lobby-sc1.jpg,Foyers,https://commons.wikimedia.org/wiki/File:Dock-street-threatre-lobby-sc1.jpg,https://upload.wikimedia.org/wikipedia/commons/7/75/Dock-street-threatre-lobby-sc1.jpg?utm_source=commons.wikimedia.org&utm_campaign=imageinfo&utm_content=original,https://upload.wikimedia.org/wikipedia/commons/thumb/7/75/Dock-street-threatre-lobby-sc1.jpg/500px-Dock-street-threatre-lobby-sc1.jpg?utm_source=commons.wikimedia.org&utm_campaign=imageinfo&utm_content=thumbnail,CC BY 3.0,https://creativecommons.org/licenses/by/3.0,Brian Stansberry,Own work,true,resized to maximum 640 px; converted to RGB JPEG; EXIF removed,../raw/real_v2/images/commons-venue-0058.jpg,2e5edc26a4c50e05e66ae9b6b1c327ec1e98aba1750262c5fdfdf1d755b5dca7,c0c0628ec584a160,500,330,pending,pending,metadata_screen_passed_manual_review_pending,candidate_not_for_training,
commons-venue-0059,53972166,File:Armchair with flowers and bestlite lamp (8724495924).jpg,Living rooms,https://commons.wikimedia.org/wiki/File:Armchair_with_flowers_and_bestlite_lamp_(8724495924).jpg,https://upload.wikimedia.org/wikipedia/commons/0/0e/Armchair_with_flowers_and_bestlite_lamp_%288724495924%29.jpg?utm_source=commons.wikimedia.org&utm_campaign=imageinfo&utm_content=original,https://upload.wikimedia.org/wikipedia/commons/0/0e/Armchair_with_flowers_and_bestlite_lamp_%288724495924%29.jpg?utm_source=commons.wikimedia.org&utm_campaign=imageinfo&utm_content=thumbnail_unscaled,CC BY 2.0,https://creativecommons.org/licenses/by/2.0,"Wicker Paradise from New Rochelle, United States",#myhome#slettvoll#dorianmaxi#pillow#flower#wicker#basket#lamp#bestlite#bynord#vase# by @lindaheitmann1 was liked by the outdoor wicker furniture experts!,true,resized to maximum 640 px; converted to RGB JPEG; EXIF removed,../raw/real_v2/images/commons-venue-0059.jpg,e9f1010f56c074ef2c29e6d3433f2c75d519d72109c1149d8673e4b7efe1f5a9,65838651116a1111,612,612,pending,pending,metadata_screen_passed_manual_review_pending,candidate_not_for_training,
commons-venue-0060,6076935,File:Vomitorium.png,Event venues,https://commons.wikimedia.org/wiki/File:Vomitorium.png,https://upload.wikimedia.org/wikipedia/commons/6/69/Vomitorium.png?utm_source=commons.wikimedia.org&utm_campaign=imageinfo&utm_content=original,https://upload.wikimedia.org/wikipedia/commons/6/69/Vomitorium.png?utm_source=commons.wikimedia.org&utm_campaign=imageinfo&utm_content=thumbnail_unscaled,Public domain,,w:en:User:Dyfsunctional,"w:en:File:Vomitorium.png , where it was uploaded by w:en:User:Dyfsunctional with ""PD-self""; this tag on enwikipedia means Dysfunctional holds the copyright to the image and releases it into the PD.",false,resized to maximum 640 px; converted to RGB JPEG; EXIF removed,../raw/real_v2/images/commons-venue-0060.jpg,39779d08d7b93f82adefde1b391cc6a23b2b2358e4dcb6c0d9cf15e94fc589c8,3f9e79f2868dcc70,640,480,pending,pending,metadata_screen_passed_manual_review_pending,candidate_not_for_training,
commons-venue-0061,33633823,File:Gfp-meeting-room.jpg,Meeting rooms,https://commons.wikimedia.org/wiki/File:Gfp-meeting-room.jpg,https://upload.wikimedia.org/wikipedia/commons/c/c0/Gfp-meeting-room.jpg?utm_source=commons.wikimedia.org&utm_campaign=imageinfo&utm_content=original,https://upload.wikimedia.org/wikipedia/commons/thumb/c/c0/Gfp-meeting-room.jpg/500px-Gfp-meeting-room.jpg?utm_source=commons.wikimedia.org&utm_campaign=imageinfo&utm_content=thumbnail,Public Domain,https://web.archive.org/web/20230926203737/https://creativecommons.org/licenses/publicdomain/,Yinan Chen,"www.goodfreephotos.com ( gallery , image )",false,resized to maximum 640 px; converted to RGB JPEG; EXIF removed,../raw/real_v2/images/commons-venue-0061.jpg,14e0435a2eb431c8497e580df059c44f582f584541807dbf0e5a3756c5cc4ce7,a18307d66a121342,500,317,pending,pending,metadata_screen_passed_manual_review_pending,candidate_not_for_training,
commons-venue-0062,2236304,File:BMF Europasaal 2.jpg,Conference rooms,https://commons.wikimedia.org/wiki/File:BMF_Europasaal_2.jpg,https://upload.wikimedia.org/wikipedia/commons/e/ed/BMF_Europasaal_2.jpg?utm_source=commons.wikimedia.org&utm_campaign=imageinfo&utm_content=original,https://upload.wikimedia.org/wikipedia/commons/thumb/e/ed/BMF_Europasaal_2.jpg/500px-BMF_Europasaal_2.jpg?utm_source=commons.wikimedia.org&utm_campaign=imageinfo&utm_content=thumbnail,CC BY 3.0,https://creativecommons.org/licenses/by/3.0,Photo: Andreas Praefcke,Self-photographed,true,resized to maximum 640 px; converted to RGB JPEG; EXIF removed,../raw/real_v2/images/commons-venue-0062.jpg,51d17d3d578af998cf731c4a6b488ce8a32a75f68f1ef67e5cf6c0b59693e99a,0e86e6720f0d3cfe,500,375,pending,pending,metadata_screen_passed_manual_review_pending,candidate_not_for_training,
commons-venue-0063,112454062,File:Fixing Pret a Mange Fridge in NJ Tpk Vincent Lombardi Stop.jpg,Interiors of restaurants,https://commons.wikimedia.org/wiki/File:Fixing_Pret_a_Mange_Fridge_in_NJ_Tpk_Vincent_Lombardi_Stop.jpg,https://upload.wikimedia.org/wikipedia/commons/9/93/Fixing_Pret_a_Mange_Fridge_in_NJ_Tpk_Vincent_Lombardi_Stop.jpg?utm_source=commons.wikimedia.org&utm_campaign=imageinfo&utm_content=original,https://upload.wikimedia.org/wikipedia/commons/thumb/9/93/Fixing_Pret_a_Mange_Fridge_in_NJ_Tpk_Vincent_Lombardi_Stop.jpg/500px-Fixing_Pret_a_Mange_Fridge_in_NJ_Tpk_Vincent_Lombardi_Stop.jpg?utm_source=commons.wikimedia.org&utm_campaign=imageinfo&utm_content=thumbnail,CC0,http://creativecommons.org/publicdomain/zero/1.0/deed.en,Bonnachoven,Own work,false,resized to maximum 640 px; converted to RGB JPEG; EXIF removed,../raw/real_v2/images/commons-venue-0063.jpg,177374e9e1bdfccadc4a461b4e64748e1eed143603decb62a5ce4179325e1de9,1e2f9b3373733ba9,500,462,pending,pending,metadata_screen_passed_manual_review_pending,candidate_not_for_training,
commons-venue-0064,160935886,"File:Cultural and Exhibition Center, Pokrovskoye-Streshnevo District, Moscow.jpg",Convention centers,"https://commons.wikimedia.org/wiki/File:Cultural_and_Exhibition_Center,_Pokrovskoye-Streshnevo_District,_Moscow.jpg",https://upload.wikimedia.org/wikipedia/commons/5/51/Cultural_and_Exhibition_Center%2C_Pokrovskoye-Streshnevo_District%2C_Moscow.jpg?utm_source=commons.wikimedia.org&utm_campaign=imageinfo&utm_content=original,https://upload.wikimedia.org/wikipedia/commons/thumb/5/51/Cultural_and_Exhibition_Center%2C_Pokrovskoye-Streshnevo_District%2C_Moscow.jpg/500px-Cultural_and_Exhibition_Center%2C_Pokrovskoye-Streshnevo_District%2C_Moscow.jpg?utm_source=commons.wikimedia.org&utm_campaign=imageinfo&utm_content=thumbnail,CC BY 4.0,https://creativecommons.org/licenses/by/4.0,SayaAndy,Own work,true,resized to maximum 640 px; converted to RGB JPEG; EXIF removed,../raw/real_v2/images/commons-venue-0064.jpg,6383009d4faae5439cb721a98197ea24aa5e887500f1df1ec32911de8f4340bd,e4ecda8a9a86ecf0,500,375,pending,pending,metadata_screen_passed_manual_review_pending,candidate_not_for_training,
commons-venue-0065,61211363,File:Elokuvateatteri-Kruunu-1966.jpg,Foyers,https://commons.wikimedia.org/wiki/File:Elokuvateatteri-Kruunu-1966.jpg,https://upload.wikimedia.org/wikipedia/commons/5/52/Elokuvateatteri-Kruunu-1966.jpg?utm_source=commons.wikimedia.org&utm_campaign=imageinfo&utm_content=original,https://upload.wikimedia.org/wikipedia/commons/thumb/5/52/Elokuvateatteri-Kruunu-1966.jpg/500px-Elokuvateatteri-Kruunu-1966.jpg?utm_source=commons.wikimedia.org&utm_campaign=imageinfo&utm_content=thumbnail,Public domain,,Anonymous Unknown author,"http://hs.mediadelivery.io/img/1920/3ccf7244161a40369ec171ff693fa98a.jpg Used in articles Helsingin Sanomat, 13.7.2017, Kuva-arvoitus: Täällä ollaan vaan ja hengaillaan Helsingin Sanomat, 20.7.2017, Kuva-arvoitus: Tartu tiukasti kiinni ja pyöritä (answer for the 13.7. picture quest) Helsingin Sanomat, 27.11.2015, Uusi elokuvateatteri yhdistää elokuvat ja baarin",false,resized to maximum 640 px; converted to RGB JPEG; EXIF removed,../raw/real_v2/images/commons-venue-0065.jpg,94a54b38dec60913ae9a11aae38e82b648c24deeffbed0c875e9ee1c16f3ed06,21494b098d8ccc48,500,436,pending,pending,metadata_screen_passed_manual_review_pending,candidate_not_for_training,
commons-venue-0066,24305675,File:Blackpool Tower Ballroom revisited (7636143384).jpg,Ballrooms,https://commons.wikimedia.org/wiki/File:Blackpool_Tower_Ballroom_revisited_(7636143384).jpg,https://upload.wikimedia.org/wikipedia/commons/0/09/Blackpool_Tower_Ballroom_revisited_%287636143384%29.jpg?utm_source=commons.wikimedia.org&utm_campaign=imageinfo&utm_content=original,https://upload.wikimedia.org/wikipedia/commons/thumb/0/09/Blackpool_Tower_Ballroom_revisited_%287636143384%29.jpg/480px-Blackpool_Tower_Ballroom_revisited_%287636143384%29.jpg?utm_source=commons.wikimedia.org&utm_campaign=imageinfo&utm_content=thumbnail,CC BY 2.0,https://creativecommons.org/licenses/by/2.0,Michael D Beckwith,Blackpool Tower Ballroom,true,resized to maximum 640 px; converted to RGB JPEG; EXIF removed,../raw/real_v2/images/commons-venue-0066.jpg,b73d3c49be4f71644bf83f9d33c0cfd94289156104b811b8ebf53821df203473,f0f0e8f4dce8c84c,640,427,pending,pending,metadata_screen_passed_manual_review_pending,candidate_not_for_training,
commons-venue-0067,52462130,File:00882-Karlsbad-1898-Gruß aus dem Auerhahn-Brück & Sohn Kunstverlag.jpg,Dining rooms,https://commons.wikimedia.org/wiki/File:00882-Karlsbad-1898-Gru%C3%9F_aus_dem_Auerhahn-Br%C3%BCck_%26_Sohn_Kunstverlag.jpg,https://upload.wikimedia.org/wikipedia/commons/7/75/00882-Karlsbad-1898-Gru%C3%9F_aus_dem_Auerhahn-Br%C3%BCck_%26_Sohn_Kunstverlag.jpg?utm_source=commons.wikimedia.org&utm_campaign=imageinfo&utm_content=original,https://upload.wikimedia.org/wikipedia/commons/thumb/7/75/00882-Karlsbad-1898-Gru%C3%9F_aus_dem_Auerhahn-Br%C3%BCck_%26_Sohn_Kunstverlag.jpg/480px-00882-Karlsbad-1898-Gru%C3%9F_aus_dem_Auerhahn-Br%C3%BCck_%26_Sohn_Kunstverlag.jpg?utm_source=commons.wikimedia.org&utm_campaign=imageinfo&utm_content=thumbnail,CC0,http://creativecommons.org/publicdomain/zero/1.0/deed.en,Brück & Sohn Kunstverlag Meißen,Own work,false,resized to maximum 640 px; converted to RGB JPEG; EXIF removed,../raw/real_v2/images/commons-venue-0067.jpg,799f0069856fcbb2612cc268c0ba0cb2afcd3a04e268822577880153d14183f1,3821a5c707919992,640,438,pending,pending,metadata_screen_passed_manual_review_pending,candidate_not_for_training,
commons-venue-0068,16098072,File:Israel Batch 1 (102).JPG,Reception rooms,https://commons.wikimedia.org/wiki/File:Israel_Batch_1_(102).JPG,https://upload.wikimedia.org/wikipedia/commons/a/a4/Israel_Batch_1_%28102%29.JPG?utm_source=commons.wikimedia.org&utm_campaign=imageinfo&utm_content=original,https://upload.wikimedia.org/wikipedia/commons/thumb/a/a4/Israel_Batch_1_%28102%29.JPG/480px-Israel_Batch_1_%28102%29.JPG?utm_source=commons.wikimedia.org&utm_campaign=imageinfo&utm_content=thumbnail,Public domain,,User:Mattes,Own work,false,resized to maximum 640 px; converted to RGB JPEG; EXIF removed,../raw/real_v2/images/commons-venue-0068.jpg,46eea6109938c328a8c599e5f41dbb129639a8a08d84cf59c85fafd3a22fc650,2f2d736662189c15,640,480,pending,pending,metadata_screen_passed_manual_review_pending,candidate_not_for_training,
commons-venue-0069,15336480,File:Function Rooms Melbourne.jpg,Function rooms,https://commons.wikimedia.org/wiki/File:Function_Rooms_Melbourne.jpg,https://upload.wikimedia.org/wikipedia/commons/1/11/Function_Rooms_Melbourne.jpg?utm_source=commons.wikimedia.org&utm_campaign=imageinfo&utm_content=original,https://upload.wikimedia.org/wikipedia/commons/thumb/1/11/Function_Rooms_Melbourne.jpg/480px-Function_Rooms_Melbourne.jpg?utm_source=commons.wikimedia.org&utm_campaign=imageinfo&utm_content=thumbnail,CC BY 2.0,https://creativecommons.org/licenses/by/2.0,Partyhelp ( website ),flickr,true,resized to maximum 640 px; converted to RGB JPEG; EXIF removed,../raw/real_v2/images/commons-venue-0069.jpg,19ddaf726a61c37de38477a915436cf430d09d58bb9ecf8e414100de3ac2df6b,9bd360605c2ee6d8,640,426,pending,pending,metadata_screen_passed_manual_review_pending,candidate_not_for_training,
commons-venue-0070,157011221,File:Aspen Country Hills Wedding Venue.jpg,Wedding venues,https://commons.wikimedia.org/wiki/File:Aspen_Country_Hills_Wedding_Venue.jpg,https://upload.wikimedia.org/wikipedia/commons/a/a6/Aspen_Country_Hills_Wedding_Venue.jpg?utm_source=commons.wikimedia.org&utm_campaign=imageinfo&utm_content=original,https://upload.wikimedia.org/wikipedia/commons/thumb/a/a6/Aspen_Country_Hills_Wedding_Venue.jpg/480px-Aspen_Country_Hills_Wedding_Venue.jpg?utm_source=commons.wikimedia.org&utm_campaign=imageinfo&utm_content=thumbnail,CC0,http://creativecommons.org/publicdomain/zero/1.0/deed.en,Aspencountryhills,Own work,false,resized to maximum 640 px; converted to RGB JPEG; EXIF removed,../raw/real_v2/images/commons-venue-0070.jpg,156587fa45b3d6d4039fbb9e082898b9e0a6687e7130b415c02a4a8975ff694e,e8042e66e668349e,640,640,pending,pending,metadata_screen_passed_manual_review_pending,candidate_not_for_training,
commons-venue-0071,178822287,File:Disney’s Contemporary Liminal Hallway.jpg,Event venues,https://commons.wikimedia.org/wiki/File:Disney%E2%80%99s_Contemporary_Liminal_Hallway.jpg,https://upload.wikimedia.org/wikipedia/commons/e/eb/Disney%E2%80%99s_Contemporary_Liminal_Hallway.jpg?utm_source=commons.wikimedia.org&utm_campaign=imageinfo&utm_content=original,https://upload.wikimedia.org/wikipedia/commons/thumb/e/eb/Disney%E2%80%99s_Contemporary_Liminal_Hallway.jpg/480px-Disney%E2%80%99s_Contemporary_Liminal_Hallway.jpg?utm_source=commons.wikimedia.org&utm_campaign=imageinfo&utm_content=thumbnail,CC0,http://creativecommons.org/publicdomain/zero/1.0/deed.en,KyleSirTalksAlot,Own work,false,resized to maximum 640 px; converted to RGB JPEG; EXIF removed,../raw/real_v2/images/commons-venue-0071.jpg,b636a7f1eb7efb7004097a93ff46da9bb638e6af48668398b99c50189449ffb5,7f9ce1d1cdc34ec8,640,480,pending,pending,metadata_screen_passed_manual_review_pending,candidate_not_for_training,
commons-venue-0072,65163724,File:DSC-0415-hotel-colosseo-shkoder-albania-august-2017.jpg,Hotel lobbies,https://commons.wikimedia.org/wiki/File:DSC-0415-hotel-colosseo-shkoder-albania-august-2017.jpg,https://upload.wikimedia.org/wikipedia/commons/0/06/DSC-0415-hotel-colosseo-shkoder-albania-august-2017.jpg?utm_source=commons.wikimedia.org&utm_campaign=imageinfo&utm_content=original,https://upload.wikimedia.org/wikipedia/commons/thumb/0/06/DSC-0415-hotel-colosseo-shkoder-albania-august-2017.jpg/480px-DSC-0415-hotel-colosseo-shkoder-albania-august-2017.jpg?utm_source=commons.wikimedia.org&utm_campaign=imageinfo&utm_content=thumbnail,CC0,http://creativecommons.org/publicdomain/zero/1.0/deed.en,Rakoon,Own work,false,resized to maximum 640 px; converted to RGB JPEG; EXIF removed,../raw/real_v2/images/commons-venue-0072.jpg,08c565a75d7f2bf891049dfe70c24ca409455143f6f0921c9c6b06455edee218,d9f5277325272624,640,424,pending,pending,metadata_screen_passed_manual_review_pending,candidate_not_for_training,
commons-venue-0073,41988724,File:Baldomer Gili Roig. Menjador.jpg,Living rooms,https://commons.wikimedia.org/wiki/File:Baldomer_Gili_Roig._Menjador.jpg,https://upload.wikimedia.org/wikipedia/commons/6/68/Baldomer_Gili_Roig._Menjador.jpg?utm_source=commons.wikimedia.org&utm_campaign=imageinfo&utm_content=original,https://upload.wikimedia.org/wikipedia/commons/6/68/Baldomer_Gili_Roig._Menjador.jpg?utm_source=commons.wikimedia.org&utm_campaign=imageinfo&utm_content=thumbnail_unscaled,Public domain,,Baldomer Gili i Roig,https://www.flickr.com/photos/46958463@N06/8724589629/,false,resized to maximum 640 px; converted to RGB JPEG; EXIF removed,../raw/real_v2/images/commons-venue-0073.jpg,9f00ee53abe1f235da59374305ae4488e52ce04dd9e21e26063ec7b2bd7e6698,39294f273537a6c0,498,640,pending,pending,metadata_screen_passed_manual_review_pending,candidate_not_for_training,
commons-venue-0074,150821920,File:G-80 edit.jpg,Wedding venues,https://commons.wikimedia.org/wiki/File:G-80_edit.jpg,https://upload.wikimedia.org/wikipedia/commons/9/9b/G-80_edit.jpg?utm_source=commons.wikimedia.org&utm_campaign=imageinfo&utm_content=original,https://upload.wikimedia.org/wikipedia/commons/9/9b/G-80_edit.jpg?utm_source=commons.wikimedia.org&utm_campaign=imageinfo&utm_content=thumbnail_unscaled,CC BY 4.0,https://creativecommons.org/licenses/by/4.0,Jessica Turich Photography,gabbinbar.com.au,true,resized to maximum 640 px; converted to RGB JPEG; EXIF removed,../raw/real_v2/images/commons-venue-0074.jpg,658a440b71557bef1c4e9b1b93338b05130561e2cfd028f5683261842118d3b2,80b8b3b3d3432919,640,427,pending,pending,metadata_screen_passed_manual_review_pending,candidate_not_for_training,
